Location,Month,Year,Average Temperature,Wind Speed,Cloud Cover,Relative Humidity,Precipitation,Yearly Average Temp,Average Precipitation
Oklahoma,January,1990,45.4,28.8,38.4,53.92,2.48,61.84,5.29
Oklahoma,February,1990,45.4,31.2,51.2,64.61,6.99,,
Oklahoma,March,1990,52.2,28.4,67.9,71.51,7.54,,
Oklahoma,April,1990,58.9,42.7,65.2,63.98,7.47,,
Oklahoma,May,1990,68.1,28.1,57.3,68.32,10.4,,
Oklahoma,June,1990,81.6,30.2,36.7,62.09,1.29,,
Oklahoma,July,1990,80.5,23,51.4,60.01,3.5,,
Oklahoma,August,1990,81.7,20.1,43.5,62.97,5.12,,
Oklahoma,September,1990,76.6,19.4,50.7,64.43,11.6,,
Oklahoma,October,1990,60.9,24.2,28.5,62.57,1.9,,
Oklahoma,November,1990,54.8,28.7,46.1,64.86,2.74,,
Oklahoma,December,1990,36,29.6,49.8,66.95,2.49,,
Oklahoma,January,1991,35,28.6,60.8,74.92,1.51,61.77,5.41
Oklahoma,February,1991,49.2,27.1,44.9,49.79,0.12,,
Oklahoma,March,1991,54.7,39.9,56.9,52.37,2.35,,
Oklahoma,April,1991,63.1,26.4,55.9,62.97,3.21,,
Oklahoma,May,1991,72.3,27.9,66.5,72.23,10.1,,
Oklahoma,June,1991,78.7,27.2,56.3,68.53,6.27,,
Oklahoma,July,1991,82.7,24.9,38,59.32,4.19,,
Oklahoma,August,1991,81.5,20.1,46.1,59.36,4.24,,
Oklahoma,September,1991,70.8,23.2,66.6,71.78,14.86,,
Oklahoma,October,1991,63.4,24.2,44,58.86,5.95,,
Oklahoma,November,1991,45.1,31.6,57.6,66.67,3.01,,
Oklahoma,December,1991,44.7,29.7,60,71.72,9.05,,
Oklahoma,January,1992,41.9,32.4,49.6,69.24,1.46,60.08,4.99
Oklahoma,February,1992,50,28.4,57.3,62.65,1.62,,
Oklahoma,March,1992,55.2,30,50.6,61.58,1.54,,
Oklahoma,April,1992,61.9,24.8,57.4,65.44,5.6,,
Oklahoma,May,1992,66.6,25.7,62.3,69.72,6.47,,
Oklahoma,June,1992,73.2,26.4,66.8,75.91,9.46,,
Oklahoma,July,1992,80.1,31.8,36.1,68.89,7.35,,
Oklahoma,August,1992,73.8,20.2,51.6,73.03,7.88,,
Oklahoma,September,1992,71.6,23.3,38,70.97,4.1,,
Oklahoma,October,1992,61.8,35.9,28.2,64.7,0.47,,
Oklahoma,November,1992,45.5,29.6,54.3,75.87,8.3,,
Oklahoma,December,1992,39.4,25.7,50.2,74.6,5.64,,
Oklahoma,January,1993,35.7,29.4,62,76.2,19.8,58.4,15.24
Oklahoma,February,1993,38.5,25.5,59.9,74.81,21.12,,
Oklahoma,March,1993,47.6,23.6,54.2,68.12,20.58,,
Oklahoma,April,1993,56.4,33.4,51.1,65.52,20.64,,
Oklahoma,May,1993,65.5,28.3,58.2,76,23.45,,
Oklahoma,June,1993,76.3,26.7,49.6,75.33,8.88,,
Oklahoma,July,1993,84.1,28.7,32.4,60.85,19.78,,
Oklahoma,August,1993,82.5,26.1,33.7,58.44,23.83,,
Oklahoma,September,1993,69.9,26,30.8,70.54,15.67,,
Oklahoma,October,1993,57.3,29.8,32.7,68.31,3.1,,
Oklahoma,November,1993,44.6,29,38.4,61.12,3.26,,
Oklahoma,December,1993,42.4,31.7,45.8,64.48,2.77,,
Oklahoma,January,1994,35.9,31.9,44.9,68.02,0.31,60.04,4.37
Oklahoma,February,1994,37.9,29.5,41.4,62.38,4.43,,
Oklahoma,March,1994,52.7,28.8,39.6,59.16,5.71,,
Oklahoma,April,1994,59.6,31.2,45.9,64.53,6.23,,
Oklahoma,May,1994,67.5,21.4,48.6,74.2,5.34,,
Oklahoma,June,1994,80.3,27.1,30.8,69.23,4.22,,
Oklahoma,July,1994,80.2,27.4,34.7,64.76,3.22,,
Oklahoma,August,1994,79.9,20.2,29.8,61.7,3.19,,
Oklahoma,September,1994,71.1,25.5,33.2,67.43,4.73,,
Oklahoma,October,1994,62.8,25.3,44.8,70.84,3.59,,
Oklahoma,November,1994,50.3,31.6,49.1,74.43,8.91,,
Oklahoma,December,1994,42.3,26.8,51.3,77.78,2.59,,
Oklahoma,January,1995,38.8,28.8,42.9,70.31,2.79,59.54,5.53
Oklahoma,February,1995,45.1,27.1,41.9,57.99,0.48,,
Oklahoma,March,1995,50,31.4,54.6,69.31,7.9,,
Oklahoma,April,1995,57.2,29.2,42.9,69.5,10.35,,
Oklahoma,May,1995,64.6,39,57.1,76.11,11.72,,
Oklahoma,June,1995,73.4,22.5,40.4,72.04,9.88,,
Oklahoma,July,1995,81.9,31.7,26.4,64.63,1.98,,
Oklahoma,August,1995,82,18.2,21.2,66.38,4.73,,
Oklahoma,September,1995,70.5,25.5,50.9,73.19,9.78,,
Oklahoma,October,1995,62.1,27.4,15.4,56.88,2.19,,
Oklahoma,November,1995,49.3,32.7,25.7,58.1,0.74,,
Oklahoma,December,1995,39.6,28.7,47.8,72.75,3.77,,
Oklahoma,January,1996,35.3,36.1,39.1,61.42,0.76,59.23,4.73
Oklahoma,February,1996,44.3,31.9,36.6,50.04,0.37,,
Oklahoma,March,1996,45.9,36.1,38.7,53.82,3.63,,
Oklahoma,April,1996,59.4,29,30.4,47.95,5.52,,
Oklahoma,May,1996,73.5,30.4,34.7,67.2,2.47,,
Oklahoma,June,1996,78.1,26.5,28.9,68.95,4.59,,
Oklahoma,July,1996,80.4,30.4,38.1,67.67,17.63,,
Oklahoma,August,1996,76.8,24.2,37.8,76.66,7.72,,
Oklahoma,September,1996,69,25.7,41.1,74.17,6.83,,
Oklahoma,October,1996,60.5,32.9,36.4,70.99,3.3,,
Oklahoma,November,1996,45.9,32.2,55.2,76.04,3.89,,
Oklahoma,December,1996,41.7,28,33.4,64.1,0.01,,
Oklahoma,January,1997,36.9,30.3,41.8,61.28,0.5,59.13,3.33
Oklahoma,February,1997,43.3,33.4,57.3,71.25,3.61,,
Oklahoma,March,1997,52.7,30.6,47.4,58.95,0.87,,
Oklahoma,April,1997,54.9,26.6,61.9,67.02,6.23,,
Oklahoma,May,1997,66.8,32.6,53.9,66.4,4.68,,
Oklahoma,June,1997,75.2,24.5,50.8,71.27,3.38,,
Oklahoma,July,1997,81.2,25.5,40.9,67.89,4.11,,
Oklahoma,August,1997,78.1,25.2,47.3,71.25,4.46,,
Oklahoma,September,1997,74.9,24.8,46.7,65.77,2.61,,
Oklahoma,October,1997,61.3,29.8,46.2,73.74,5.01,,
Oklahoma,November,1997,45.9,25.8,48.7,70.84,0.99,,
Oklahoma,December,1997,38.3,28.4,57.4,75.19,3.55,,
Oklahoma,January,1998,40.3,31.7,63.6,81.48,4.83,62.79,3.88
Oklahoma,February,1998,45.1,29.9,59.5,71.2,0.87,,
Oklahoma,March,1998,46.7,33.7,55.4,71.27,7.43,,
Oklahoma,April,1998,57.7,29.9,39.3,61.52,4.29,,
Oklahoma,May,1998,72.8,21.6,41.9,68.55,3.07,,
Oklahoma,June,1998,80.9,26.4,28.8,59.56,4.19,,
Oklahoma,July,1998,87.9,24.1,28.6,52.42,0.51,,
Oklahoma,August,1998,84.5,19.3,35.7,52.07,0.66,,
Oklahoma,September,1998,80.5,22,35.4,62.25,5.67,,
Oklahoma,October,1998,63.8,25.9,50.1,75.3,8.96,,
Oklahoma,November,1998,52.7,26.4,56.4,77.86,4.09,,
Oklahoma,December,1998,40.6,25.7,50.8,72.96,1.97,,
Oklahoma,January,1999,39.3,29.5,50.5,69.86,1.86,61.78,3.93
Oklahoma,February,1999,50.3,32.2,34.8,62.15,1.35,,
Oklahoma,March,1999,49,33.5,56.6,69.16,4.31,,
Oklahoma,April,1999,61.1,36.1,52.1,65.59,7.14,,
Oklahoma,May,1999,68,31,53.7,72.2,4.56,,
Oklahoma,June,1999,74.8,29.4,61.2,79.46,9.44,,
Oklahoma,July,1999,82.4,21.1,31.7,65.16,2.44,,
Oklahoma,August,1999,84.6,21.4,30.7,54.65,1.65,,
Oklahoma,September,1999,70.4,22.9,45.8,65.2,6.52,,
Oklahoma,October,1999,62.2,29.6,29.2,59.26,3.29,,
Oklahoma,November,1999,56.2,28.9,21.5,64.92,0.06,,
Oklahoma,December,1999,43.1,30.1,38.9,67.21,4.56,,
Oklahoma,January,2000,40.2,34.5,44.3,68,1.04,60.41,4.69
Oklahoma,February,2000,48.4,30.6,48.4,63.86,2.46,,
Oklahoma,March,2000,52.8,26.7,58.1,71.57,3.88,,
Oklahoma,April,2000,59.1,28.7,48,68.68,6.37,,
Oklahoma,May,2000,71.1,24.2,46.9,70.71,5.08,,
Oklahoma,June,2000,73.5,27.1,62.8,79.77,10.8,,
Oklahoma,July,2000,80.4,43.8,40.9,68.09,7.26,,
Oklahoma,August,2000,86.1,21.1,29.5,49.74,0,,
Oklahoma,September,2000,76.2,26.4,26.4,51.55,1.47,,
Oklahoma,October,2000,63.6,24.8,58.5,71.27,11.23,,
Oklahoma,November,2000,43,26.7,51.8,74.57,4.22,,
Oklahoma,December,2000,30.5,30.5,43.8,78.46,2.49,,
Oklahoma,January,2001,35.7,26.4,47.4,78.71,2.5,60.73,3.12
Oklahoma,February,2001,40.8,32,62.1,78.53,2.6,,
Oklahoma,March,2001,46.5,33,63.4,70.05,1.15,,
Oklahoma,April,2001,64.1,34.1,47.6,67.03,1.57,,
Oklahoma,May,2001,69.3,34.7,52.9,72.65,10.38,,
Oklahoma,June,2001,77.1,24.7,40.6,67.34,1.31,,
Oklahoma,July,2001,85.9,19.7,35.8,58.73,1.48,,
Oklahoma,August,2001,82.7,21.8,43.4,60.82,2.52,,
Oklahoma,September,2001,70.5,28.5,42.9,71.94,7.21,,
Oklahoma,October,2001,60.1,29.7,29.3,64.55,4.19,,
Oklahoma,November,2001,53.6,26.2,56.4,73.27,1.12,,
Oklahoma,December,2001,42.5,27.8,44.1,69.22,1.44,,
Oklahoma,January,2002,40.2,30.2,41.1,61.31,3.78,59.28,3.58
Oklahoma,February,2002,41.2,31.2,42.5,60.34,0.63,,
Oklahoma,March,2002,46.9,35.3,50.9,62.23,2.53,,
Oklahoma,April,2002,61.1,31.3,58.8,72.72,5.71,,
Oklahoma,May,2002,66.3,29.9,56.2,74.5,3.24,,
Oklahoma,June,2002,76.4,23.3,41.9,72.84,5.9,,
Oklahoma,July,2002,79.7,20.1,45.3,73.45,5.15,,
Oklahoma,August,2002,81.2,23.8,41.9,66.18,3.19,,
Oklahoma,September,2002,74.1,22.9,31,66.94,3.57,,
Oklahoma,October,2002,56.1,23.4,69,78.23,6.01,,
Oklahoma,November,2002,47.2,24.1,37.3,64.94,0.97,,
Oklahoma,December,2002,40.9,25.7,53.8,73.39,2.23,,
Oklahoma,January,2003,36.5,30.7,45.6,66.36,0.02,60.02,2.25
Oklahoma,February,2003,37.7,27.6,66.4,74.98,1.12,,
Oklahoma,March,2003,49.5,28.6,49.5,68.93,2.94,,
Oklahoma,April,2003,61,34.4,37.5,62.68,2.31,,
Oklahoma,May,2003,69.6,26.4,57.1,68.81,2.48,,
Oklahoma,June,2003,73.9,24.6,50.7,71.52,5.42,,
Oklahoma,July,2003,84.7,21.9,34,53.02,1.04,,
Oklahoma,August,2003,82.7,21.9,45.9,59.41,5.57,,
Oklahoma,September,2003,69.1,25,49.3,68.91,2.19,,
Oklahoma,October,2003,62.6,25.9,44.6,66.14,1.56,,
Oklahoma,November,2003,50.2,27.8,57.2,67.83,1.13,,
Oklahoma,December,2003,42.7,33.8,39.9,60.19,1.21,,
Oklahoma,January,2004,39.1,25.2,49.9,67.52,1.66,60.48,3.93
Oklahoma,February,2004,39.5,32.7,58,67.8,1.73,,
Oklahoma,March,2004,55.3,27,49.4,62.12,4.91,,
Oklahoma,April,2004,60.5,30.4,53.2,65.8,2.54,,
Oklahoma,May,2004,71.5,26.2,41.5,66.94,1.45,,
Oklahoma,June,2004,74.4,29.5,58.8,74.22,9.62,,
Oklahoma,July,2004,78.2,18.9,46.7,71.24,5.3,,
Oklahoma,August,2004,76,23.7,43.3,69.76,5.93,,
Oklahoma,September,2004,74.7,23.7,32.9,60.2,1.2,,
Oklahoma,October,2004,63.9,22.9,54.6,74.3,5.83,,
Oklahoma,November,2004,50.2,26.9,71.3,80.49,6.44,,
Oklahoma,December,2004,42.4,26.5,32.4,62.45,0.57,,
Oklahoma,January,2005,38.3,28.3,55,75.73,2.06,61.16,2.03
Oklahoma,February,2005,45.3,25.3,62.2,72.5,2.11,,
Oklahoma,March,2005,50.9,29,48.9,61.55,0.39,,
Oklahoma,April,2005,60.8,31.9,41.1,59.33,0.2,,
Oklahoma,May,2005,68.7,28,54,70.43,2.17,,
Oklahoma,June,2005,78.3,25.4,31.7,66.76,6.35,,
Oklahoma,July,2005,80.6,31.2,31,64.93,2.92,,
Oklahoma,August,2005,79.9,25.8,36.2,71.22,4.83,,
Oklahoma,September,2005,76.6,27.3,23.7,64.85,1.48,,
Oklahoma,October,2005,62.5,25.7,36.8,64.47,1.73,,
Oklahoma,November,2005,53.5,38,27.5,51.75,0,,
Oklahoma,December,2005,38.5,29.5,36.4,59.62,0.17,,
Oklahoma,January,2006,47.7,35,34.2,49.82,0.22,63.46,2.04
Oklahoma,February,2006,41.8,29.4,44.2,54.74,0.11,,
Oklahoma,March,2006,54.8,31,52.4,54.25,1.99,,
Oklahoma,April,2006,67.2,36.8,37.2,53.58,3.06,,
Oklahoma,May,2006,72.5,27.3,40.5,60.33,2.9,,
Oklahoma,June,2006,79.9,28,27.8,53.82,2.69,,
Oklahoma,July,2006,85.9,28.1,27.3,48.71,3.05,,
Oklahoma,August,2006,85,23.9,36.6,54.95,3.41,,
Oklahoma,September,2006,70.9,32.6,30.4,56.56,2.9,,
Oklahoma,October,2006,61.7,31.5,35.6,59.61,1.21,,
Oklahoma,November,2006,51.5,33.7,38.7,62.49,1.37,,
Oklahoma,December,2006,42.6,27.6,36.1,64.36,1.56,,
Oklahoma,January,2007,35.5,32.5,49.5,68.08,1.62,61.05,4.49
Oklahoma,February,2007,41.5,34.9,45.4,60.55,0.4,,
Oklahoma,March,2007,59.2,31.1,49.5,62.61,7.43,,
Oklahoma,April,2007,57,28.4,52.5,63.69,2.51,,
Oklahoma,May,2007,70,26.7,66.1,73.37,7.62,,
Oklahoma,June,2007,75.5,28.2,66,73.47,10.48,,
Oklahoma,July,2007,79.6,19.2,39.6,69.51,5.79,,
Oklahoma,August,2007,83.4,27.7,28.3,63.19,5.91,,
Oklahoma,September,2007,75.1,25.7,40.9,67.16,3.79,,
Oklahoma,October,2007,64.9,27,26.8,61.94,4.18,,
Oklahoma,November,2007,52.5,29.2,33,58.56,0.55,,
Oklahoma,December,2007,38.4,31.2,48.6,69.86,3.63,,
Oklahoma,January,2008,39.5,39.6,33.2,56.62,0.67,60.6,2.64
Oklahoma,February,2008,40.9,32.6,42.8,60.47,2.66,,
Oklahoma,March,2008,52.2,32.8,42.2,56.83,2.77,,
Oklahoma,April,2008,59.3,36,38.2,57.77,3.71,,
Oklahoma,May,2008,70.9,31.1,42,59.96,5.12,,
Oklahoma,June,2008,79.8,36.5,39.3,62.73,5.33,,
Oklahoma,July,2008,83.6,24.8,32.8,55.75,1.19,,
Oklahoma,August,2008,80.1,18.6,42.6,64.95,7.07,,
Oklahoma,September,2008,70.9,22.6,33.9,67.5,0.62,,
Oklahoma,October,2008,60.7,27.7,23.8,60.69,1.33,,
Oklahoma,November,2008,50.3,28.7,25.7,56.83,0.58,,
Oklahoma,December,2008,39,33.2,41.3,56.82,0.64,,
Oklahoma,January,2009,37,34.9,30.9,51.38,0.31,60.06,2.82
Oklahoma,February,2009,47.7,35.5,31.9,52.55,1.11,,
Oklahoma,March,2009,53.5,33.3,50,56.68,2.69,,
Oklahoma,April,2009,59.7,37,48.5,58.23,3.86,,
Oklahoma,May,2009,66.8,32.5,52.6,68.93,3.24,,
Oklahoma,June,2009,80.7,26.2,36.7,60.34,0.97,,
Oklahoma,July,2009,82.6,26.9,35.3,54.38,3.79,,
Oklahoma,August,2009,79.1,30.9,32.1,62.83,5.89,,
Oklahoma,September,2009,70.5,26.2,51.3,69.69,4.45,,
Oklahoma,October,2009,55.2,29.7,58.2,72.87,5.65,,
Oklahoma,November,2009,53.3,24.8,33.5,67.62,0.36,,
Oklahoma,December,2009,34.6,40.4,40.8,66.33,1.48,,
Oklahoma,January,2010,35.3,30.3,45,69.81,2.29,60.87,2.68
Oklahoma,February,2010,36,27,61.2,71.21,1.68,,
Oklahoma,March,2010,49.4,32,47.8,63.78,0.9,,
Oklahoma,April,2010,62.3,33,45.7,63.78,2.71,,
Oklahoma,May,2010,69.1,31.4,44.6,67.22,3.43,,
Oklahoma,June,2010,81.4,23,35.8,67.08,9.12,,
Oklahoma,July,2010,82.1,23.3,41,70.5,5.11,,
Oklahoma,August,2010,85.4,26.3,22.8,53.26,0.28,,
Oklahoma,September,2010,75.5,27.7,32.3,67.75,3.87,,
Oklahoma,October,2010,62.9,32.3,21.5,55.75,1.31,,
Oklahoma,November,2010,50.9,31,29.8,58.62,1.32,,
Oklahoma,December,2010,40.1,30.9,44.9,61.7,0.15,,
Oklahoma,January,2011,35.4,28.9,34.2,58.89,0.06,62.82,2.38
Oklahoma,February,2011,40.8,35.8,46.4,64.16,1.44,,
Oklahoma,March,2011,53.4,32.4,46.3,59.18,0.06,,
Oklahoma,April,2011,65.1,39.4,36.1,49.59,0.95,,
Oklahoma,May,2011,69.3,35.1,35.6,62.54,8.04,,
Oklahoma,June,2011,85.3,36.4,24.9,49.64,1.46,,
Oklahoma,July,2011,90.2,26.8,25.2,45.08,2.46,,
Oklahoma,August,2011,88.7,30.3,34,46.59,2.13,,
Oklahoma,September,2011,72.3,24,27.2,49.52,1.78,,
Oklahoma,October,2011,62.6,29.5,25.7,58.31,5.59,,
Oklahoma,November,2011,50.1,32.5,39.5,62.99,3.08,,
Oklahoma,December,2011,40.6,32.3,51.5,70.27,1.46,,
Oklahoma,January,2012,42.6,35.5,26.4,55.86,1.72,63.84,2.47
Oklahoma,February,2012,44.7,31.4,54.2,63.8,0.97,,
Oklahoma,March,2012,60,33.2,45.3,66.32,4.28,,
Oklahoma,April,2012,65.3,31.4,48.7,70.38,4.98,,
Oklahoma,May,2012,72.8,31.4,39.6,63.82,4.47,,
Oklahoma,June,2012,78.9,27.8,34,64.27,2.57,,
Oklahoma,July,2012,87.1,21.6,24.2,47.65,0.28,,
Oklahoma,August,2012,83.6,25.1,30,46.79,2.51,,
Oklahoma,September,2012,75.1,34.4,38,56.9,4.24,,
Oklahoma,October,2012,60.2,29.2,34.4,60.26,2.24,,
Oklahoma,November,2012,53.4,28.4,23,54.79,0.72,,
Oklahoma,December,2012,42.4,34.7,42.6,58.48,0.66,,
Oklahoma,January,2013,40.6,27.2,43.1,64.32,1.04,59.62,4.55
Oklahoma,February,2013,42,30.5,41.3,63.23,2.51,,
Oklahoma,March,2013,49.2,34.4,45.8,55.54,0.98,,
Oklahoma,April,2013,55,29.7,54.5,64.84,7.31,,
Oklahoma,May,2013,67,33.3,56.2,68.87,12.95,,
Oklahoma,June,2013,78.2,32.9,39.6,62.38,7.94,,
Oklahoma,July,2013,81.1,26.4,46.2,60.19,10.14,,
Oklahoma,August,2013,81.2,16.6,36.9,62.1,4.62,,
Oklahoma,September,2013,76.3,22.6,26.4,56.44,2.08,,
Oklahoma,October,2013,61.8,24.4,40.5,64.41,3.03,,
Oklahoma,November,2013,47.8,29.2,49.2,59.36,0.89,,
Oklahoma,December,2013,35.2,29.7,44.8,66.98,1.12,,
Oklahoma,January,2014,37.3,31.7,31,46.78,0.05,60.35,2.32
Oklahoma,February,2014,38.3,35.8,61.3,57.4,0.32,,
Oklahoma,March,2014,47.7,38,49.3,52.9,1.25,,
Oklahoma,April,2014,61.3,34.9,47.5,50.39,0.84,,
Oklahoma,May,2014,70.5,34,45.7,59.17,5.07,,
Oklahoma,June,2014,78.1,32.2,52,69.54,7.74,,
Oklahoma,July,2014,79,20.9,47.9,64.14,4.6,,
Oklahoma,August,2014,82.3,26.3,32.3,58.74,0.54,,
Oklahoma,September,2014,74.6,23.7,46,64.49,2.19,,
Oklahoma,October,2014,66.1,31.2,35.5,61.51,2.62,,
Oklahoma,November,2014,46.4,34.5,41.5,56.67,2.06,,
Oklahoma,December,2014,42.6,30.6,68.9,73.35,0.56,,
Oklahoma,January,2015,39.6,32,48.2,56.41,1.66,61.53,4.37
Oklahoma,February,2015,38.1,29.3,44.8,60.43,0.53,,
Oklahoma,March,2015,52.8,34.7,50.6,65.34,2.63,,
Oklahoma,April,2015,62.5,32,58.3,66.81,4.36,,
Oklahoma,May,2015,66.8,31.2,65.4,75.24,17.9,,
Oklahoma,June,2015,79.3,27.9,41,68.29,4.9,,
Oklahoma,July,2015,82,22.6,39.3,70.07,6.74,,
Oklahoma,August,2015,79.9,24.2,41.7,63.48,1.26,,
Oklahoma,September,2015,77.3,28.9,38.9,61.84,1.27,,
Oklahoma,October,2015,63.8,25.8,43.4,61.34,3.49,,
Oklahoma,November,2015,51.5,34,48.7,70.71,4.7,,
Oklahoma,December,2015,44.8,34,43.2,71.25,3.05,,
Oklahoma,January,2016,38.2,28.4,46.3,68.26,0.05,62.97,2.08
Oklahoma,February,2016,48.7,41.4,29.3,52.54,1.26,,
Oklahoma,March,2016,55.7,33.7,46.8,58.18,0.9,,
Oklahoma,April,2016,62.4,31.9,48.4,63.35,6.95,,
Oklahoma,May,2016,67.5,35.5,55.7,68.75,2.29,,
Oklahoma,June,2016,79.8,28.2,40.9,67,2.53,,
Oklahoma,July,2016,83.7,34.9,34.4,65.29,4.35,,
Oklahoma,August,2016,81.6,23.4,44.3,63.73,0.7,,
Oklahoma,September,2016,75.2,23.3,39.5,67.93,3.65,,
Oklahoma,October,2016,67.7,29.6,37.6,64.26,0.54,,
Oklahoma,November,2016,56,31.1,40.7,65.53,0.92,,
Oklahoma,December,2016,39.1,35,55,61.72,0.79,,
Oklahoma,January,2017,41,28.4,47.6,63.33,1.72,62.17,3.24
Oklahoma,February,2017,50.9,33,42.4,60.32,3.05,,
Oklahoma,March,2017,57,36.6,48.9,60.35,2.55,,
Oklahoma,April,2017,61.3,31.7,57.7,71.18,7.5,,
Oklahoma,May,2017,68.2,30.8,39.5,63.93,1.45,,
Oklahoma,June,2017,78.5,26.4,46.4,62.9,0.58,,
Oklahoma,July,2017,83.4,24.1,37.3,63.16,2.66,,
Oklahoma,August,2017,77.3,30.7,49,73.08,8.6,,
Oklahoma,September,2017,73.5,23,39.2,65.78,4.18,,
Oklahoma,October,2017,62.1,31.3,31.2,61.77,5.81,,
Oklahoma,November,2017,52.9,32.8,52.2,67.05,0.09,,
Oklahoma,December,2017,39.9,27.7,49.9,64.6,0.66,,
Oklahoma,January,2018,37.2,33.5,35.6,54.23,0.18,60.12,3.57
Oklahoma,February,2018,40,29.7,55.7,68.13,2.55,,
Oklahoma,March,2018,53.7,36,44.3,58.25,0.47,,
Oklahoma,April,2018,55.1,32,47.1,56.08,2.27,,
Oklahoma,May,2018,75.2,30.3,42.1,66.81,3.84,,
Oklahoma,June,2018,80.2,38.7,39.2,65.89,5.55,,
Oklahoma,July,2018,83,22.9,40.8,61.94,2.55,,
Oklahoma,August,2018,79.7,29.7,41.4,66.95,8.66,,
Oklahoma,September,2018,72.7,25.2,60.1,79.28,7.23,,
Oklahoma,October,2018,59.7,27.2,62.5,77.15,5.43,,
Oklahoma,November,2018,44.5,34.2,41.6,65.64,0.49,,
Oklahoma,December,2018,40.4,33.6,54.8,69.97,3.58,,
Oklahoma,January,2019,37.5,37.1,57.3,71.7,1.69,59.64,3.76
Oklahoma,February,2019,38.8,33.6,68.2,74.88,0.81,,
Oklahoma,March,2019,47.4,39.6,52.9,62.88,2.36,,
Oklahoma,April,2019,60.7,29.7,49.2,67.04,5.88,,
Oklahoma,May,2019,67.2,31.9,55.6,78.54,12.82,,
Oklahoma,June,2019,75.5,27.1,42.2,74.68,6.94,,
Oklahoma,July,2019,81.7,24.5,32.6,64.52,0.07,,
Oklahoma,August,2019,82.2,35.2,44.3,69.3,7.08,,
Oklahoma,September,2019,78.8,23.5,35.3,73.89,2.27,,
Oklahoma,October,2019,57.1,28.5,35.3,66.18,3.38,,
Oklahoma,November,2019,46.2,36.5,41.5,67.31,1.13,,
Oklahoma,December,2019,42.6,27.6,45.3,66.52,0.65,,
Oklahoma,January,2020,42.5,33.7,48.8,72.81,3.14,62.45,3.31
Oklahoma,February,2020,42.1,25.3,57.1,65.56,0.66,,
Oklahoma,March,2020,55.5,32.2,59.4,70.09,5.53,,
Oklahoma,April,2020,57.6,33.9,53.6,66.79,2.08,,
Oklahoma,May,2020,67.7,35.4,49,69.05,3.77,,
Oklahoma,June,2020,78.4,32.5,33.5,62.79,3.28,,
Oklahoma,July,2020,81.8,50.8,40.5,69.67,7.64,,
Oklahoma,August,2020,79.4,25.3,34.8,64.23,0.94,,
Florida,January,1990,55,19.7,48.3,77.17,3.39,68.82,4.64
Florida,February,1990,60.7,28.9,60.4,75.43,3.38,,
Florida,March,1990,62.5,25.3,45.4,70.01,1.96,,
Florida,April,1990,66.2,21.9,38.2,69.34,3.99,,
Florida,May,1990,74.9,20.8,53.1,70.81,3.33,,
Florida,June,1990,80,16.1,44.9,75.54,6.85,,
Florida,July,1990,80.8,20.8,51.4,77.44,4.87,,
Florida,August,1990,81.4,32.2,47.4,76.94,2.5,,
Florida,September,1990,77.8,18.3,32,72.79,0.56,,
Florida,October,1990,69.7,18.3,33,73.91,4.78,,
Florida,November,1990,59.7,23,32.3,74.06,19.16,,
Florida,December,1990,57.1,20.8,66.2,80.06,0.9,,
Florida,January,1991,54.3,20.8,78.5,82.6,12.58,67.98,5.55
Florida,February,1991,56.6,23,55.3,67.14,5.99,,
Florida,March,1991,62.4,34.7,64.5,70.08,10.14,,
Florida,April,1991,70.7,24.2,60.9,78.68,6.36,,
Florida,May,1991,76.3,23,69.9,82.49,9.65,,
Florida,June,1991,78.4,21.9,53.9,77.84,3.99,,
Florida,July,1991,80,16.1,66.7,84.1,0.56,,
Florida,August,1991,79.6,18.3,56.8,81.79,1.55,,
Florida,September,1991,78.5,17.2,34.5,71.09,0.63,,
Florida,October,1991,68.6,24.2,47.3,71.14,1.56,,
Florida,November,1991,55,25.3,44.8,68.34,7.15,,
Florida,December,1991,55.4,23,58.5,74.33,6.44,,
Florida,January,1992,50,23,61.7,71.75,3.85,66.4,5.35
Florida,February,1992,55.5,23,63.4,77.02,0.31,,
Florida,March,1992,59.4,19.7,56,67.76,5.43,,
Florida,April,1992,64.7,23,41.8,66.56,14.98,,
Florida,May,1992,72,20.8,42.2,67.38,3.19,,
Florida,June,1992,78,21.9,56.6,79.62,6.7,,
Florida,July,1992,81,16.1,44.3,79.21,4.19,,
Florida,August,1992,78.1,18.3,60.9,83.5,3.01,,
Florida,September,1992,77,16.1,54.6,78.69,6.96,,
Florida,October,1992,65.6,19.7,49.3,76.96,1.37,,
Florida,November,1992,60.7,18.3,68.4,74.91,9.65,,
Florida,December,1992,54.8,21.9,62.2,75.11,4.5,,
Florida,January,1993,57.9,17.2,74.7,76.97,6.78,66.94,4.10
Florida,February,1993,53.4,20.8,57.1,64.63,0.44,,
Florida,March,1993,58.8,30,51.6,66.12,0.97,,
Florida,April,1993,62.8,28.9,41.4,62.17,3.94,,
Florida,May,1993,73.4,23,45.3,64.61,8.07,,
Florida,June,1993,79.8,19.7,47.7,68.55,6.01,,
Florida,July,1993,81.3,23,46.9,75.71,1.58,,
Florida,August,1993,81.5,17.2,48.3,73.85,5.39,,
Florida,September,1993,77.9,17.2,45,75.97,2.07,,
Florida,October,1993,68.7,27.7,53.9,72.62,2.99,,
Florida,November,1993,58.9,17.2,50.6,72.45,8.36,,
Florida,December,1993,48.9,17.2,57.3,72.52,2.62,,
Florida,January,1994,48.8,24.2,59.8,70.3,12.35,67.67,7.21
Florida,February,1994,57.8,20.8,59.4,68.81,3.38,,
Florida,March,1994,62.1,24.2,52.8,66.99,4.93,,
Florida,April,1994,69.1,20.8,49.2,69.91,8.75,,
Florida,May,1994,73.2,20.8,48.9,69.5,8.76,,
Florida,June,1994,78.4,18.3,72.9,79.62,13.21,,
Florida,July,1994,78.3,20.8,61,79.91,11,,
Florida,August,1994,78.6,34.7,57.8,77.22,11.48,,
Florida,September,1994,76,19.7,53.6,76.22,3.45,,
Florida,October,1994,69.2,23,59,76.64,2.73,,
Florida,November,1994,64.7,21.9,52.8,73.88,3.89,,
Florida,December,1994,55.8,20.8,60.1,77.43,2.63,,
Florida,January,1995,50.5,24.2,60.2,72.49,5.58,67.33,4.47
Florida,February,1995,54.6,20.8,57.7,67.34,2.19,,
Florida,March,1995,63.5,25.3,62,70.24,4.02,,
Florida,April,1995,67.1,25.3,50.7,69.48,7.87,,
Florida,May,1995,76.2,18.3,47.4,69.51,10,,
Florida,June,1995,78,27.7,50.3,72.21,2.74,,
Florida,July,1995,81.5,23,55.7,75.59,3.72,,
Florida,August,1995,82.3,24.2,45.6,74.01,3.91,,
Florida,September,1995,77.7,20.8,49.4,75.44,3.34,,
Florida,October,1995,70.7,32.2,60,74.3,3.57,,
Florida,November,1995,55.9,26.4,48.3,77.2,3.14,,
Florida,December,1995,49.9,20.8,54.5,75.59,3.61,,
Florida,January,1996,50.1,23,45.8,70.87,8.72,65.82,3.92
Florida,February,1996,53.6,21.9,54.5,71.49,3.7,,
Florida,March,1996,55.4,24.2,53.1,68.89,1.91,,
Florida,April,1996,63,21.9,3.9,70.55,4.69,,
Florida,May,1996,75.9,18.3,4.8,70.76,1.87,,
Florida,June,1996,78.6,20.8,8.6,74.31,3.56,,
Florida,July,1996,80.1,21.9,25.9,81.22,3.87,,
Florida,August,1996,78.4,17.2,34.9,82.25,4.94,,
Florida,September,1996,75.5,15,36.3,81.12,0.79,,
Florida,October,1996,66.1,23,35.8,80.08,5.54,,
Florida,November,1996,59.3,19.7,35.2,76.86,3.17,,
Florida,December,1996,53.8,18.3,32,83.37,4.28,,
Florida,January,1997,53.6,23,43.6,72.69,2.3,67.28,4.39
Florida,February,1997,57.3,21.9,49.7,77.77,4.67,,
Florida,March,1997,66.7,19.7,41.2,72.68,7.41,,
Florida,April,1997,65.4,25.3,29.5,68.28,8.7,,
Florida,May,1997,71.5,21.9,33.3,74.95,4.96,,
Florida,June,1997,75.8,26.4,38.2,80.95,3.92,,
Florida,July,1997,80.5,20.8,19.8,81.57,0.69,,
Florida,August,1997,79.7,18.3,29.7,78.37,4.31,,
Florida,September,1997,78.9,16.1,29.4,73.87,3.78,,
Florida,October,1997,69.1,17.2,32.6,73.23,3.2,,
Florida,November,1997,57.2,21.9,35.1,77.21,3.02,,
Florida,December,1997,51.7,26.4,43.5,79.59,5.68,,
Florida,January,1998,54.2,25.3,41.2,79.13,3.98,69.21,3.45
Florida,February,1998,54.4,28.9,34.9,74.92,1.02,,
Florida,March,1998,57.1,25.3,33.3,68.43,0.54,,
Florida,April,1998,66.5,21.9,41.7,72.11,1.79,,
Florida,May,1998,77.9,20.8,25.2,68.49,12.84,,
Florida,June,1998,84,32.2,24.2,67.89,2.02,,
Florida,July,1998,82.2,23,27.3,78.44,12.15,,
Florida,August,1998,81.7,17.2,23.2,77.17,0.19,,
Florida,September,1998,78.4,26.4,46.5,82.76,1.16,,
Florida,October,1998,71.2,18.3,23.6,74.84,1.05,,
Florida,November,1998,64.7,16.1,42.1,82.1,3.25,,
Florida,December,1998,58.2,19.7,48,81.12,1.43,,
Florida,January,1999,52.7,19.7,27,79.38,2.28,67.7,3.51
Florida,February,1999,57.5,28.9,25.3,74.51,0.69,,
Florida,March,1999,58.2,21.9,24.2,65.76,6.57,,
Florida,April,1999,69.8,23,34.6,74.16,6.92,,
Florida,May,1999,74,30,21.9,71.17,7.39,,
Florida,June,1999,78.4,38,34.6,80.03,6.09,,
Florida,July,1999,80.9,20.8,21.4,80.9,3.79,,
Florida,August,1999,82.6,17.2,19.3,78.4,1.63,,
Florida,September,1999,77.4,20.8,29.3,72.25,2.23,,
Florida,October,1999,69.7,17.2,30.2,74.71,2.56,,
Florida,November,1999,59.3,20.8,23.5,74.67,0.56,,
Florida,December,1999,51.9,25.3,29.3,73.99,1.35,,
Florida,January,2000,42.9,17.2,44.5,73.93,3.33,66.63,3.61
Florida,February,2000,56,20.8,17.9,70.38,1.01,,
Florida,March,2000,64.4,21.9,30.6,71.63,0.16,,
Florida,April,2000,65.4,27.7,31.2,67.53,2.35,,
Florida,May,2000,77.4,26.4,27.8,67.1,5.03,,
Florida,June,2000,80.7,21.9,25.6,71.43,8.02,,
Florida,July,2000,82.6,26.8,21.9,75.43,13.72,,
Florida,August,2000,81.8,19.7,22,77.44,0.98,,
Florida,September,2000,76.6,24.2,45.8,80.79,2.89,,
Florida,October,2000,65.7,18.3,13.7,69.2,2.7,,
Florida,November,2000,57.5,23,33.6,76.9,2.42,,
Florida,December,2000,48.5,21.9,43,70.61,0.65,,
Florida,January,2001,46.9,27.7,26.5,70.93,8.87,66.93,5.82
Florida,February,2001,58.9,24.2,42.2,75.76,1.74,,
Florida,March,2001,58.6,25.3,42.4,71.04,2.74,,
Florida,April,2001,67.2,30,21.9,69.49,15.86,,
Florida,May,2001,73.6,18.3,19.5,66.96,6.73,,
Florida,June,2001,77.9,20.7,25.5,81.15,12.11,,
Florida,July,2001,80.3,21.9,25.4,80.73,6.15,,
Florida,August,2001,79.1,20.6,24.9,82.51,3.98,,
Florida,September,2001,74.1,28.6,20.5,78.82,2.22,,
Florida,October,2001,66.6,20.7,45.7,71.58,1.03,,
Florida,November,2001,62.9,23,37.1,76.43,7.01,,
Florida,December,2001,57,18.3,45,77.72,1.43,,
Florida,January,2002,53,24.1,61.5,81.43,10.63,67.68,5.38
Florida,February,2002,52.3,23,51.9,64.51,0.79,,
Florida,March,2002,61.3,26.3,55.2,69.38,2.5,,
Florida,April,2002,71.8,21.9,58.3,72.44,5.2,,
Florida,May,2002,75.4,20.7,54.3,68.37,6.81,,
Florida,June,2002,79.1,26.2,68.1,75.33,5.3,,
Florida,July,2002,80.3,30.8,64.7,78.03,9.59,,
Florida,August,2002,80,19.5,64.4,76.74,3.8,,
Florida,September,2002,79.9,25.2,70.9,78.7,3.63,,
Florida,October,2002,72.6,20.7,65.8,81.39,6.94,,
Florida,November,2002,56.6,22.9,50.7,75.99,2,,
Florida,December,2002,49.9,21.9,55,77.02,7.39,,
Florida,January,2003,45.9,23,41.1,63.66,8.36,66.38,6.02
Florida,February,2003,54.2,23,62.4,73.82,2.07,,
Florida,March,2003,64.3,25.2,70.2,76.18,2.5,,
Florida,April,2003,66.4,16.1,55.2,71.43,14.34,,
Florida,May,2003,75.5,19.7,65.9,73.71,8.19,,
Florida,June,2003,77.8,19.6,70.8,83.05,10.52,,
Florida,July,2003,78.3,19.6,73.1,83.32,4.43,,
Florida,August,2003,79,18.3,72,83.05,5.76,,
Florida,September,2003,76,16.1,61.7,74.48,3.18,,
Florida,October,2003,68.8,16,52.7,75.96,2.42,,
Florida,November,2003,62.2,26.3,39.9,75.18,3.77,,
Florida,December,2003,48.2,27.6,44.5,72.42,6.65,,
Florida,January,2004,50.1,19.7,60.8,71.89,0.16,67.08,4.67
Florida,February,2004,51.6,19.7,76.9,75.75,4.63,,
Florida,March,2004,62.1,19.6,49.1,62.39,1,,
Florida,April,2004,64.7,25.3,44.6,63.71,11.91,,
Florida,May,2004,75.4,21.8,50.1,69.68,6.48,,
Florida,June,2004,78.4,18.2,70.1,81.16,10.05,,
Florida,July,2004,80.9,21.1,58.1,76.99,6.72,,
Florida,August,2004,80,15.8,61.8,78.48,3.03,,
Florida,September,2004,77.6,31.6,62.9,75.75,2.68,,
Florida,October,2004,71.7,20.2,53.6,77.29,3.86,,
Florida,November,2004,61.9,26,55.9,77.56,1.44,,
Florida,December,2004,50.5,19.5,54.4,71.83,4.02,,
Florida,January,2005,54.1,23.8,60,72.87,7.72,67.63,6.32
Florida,February,2005,55.8,22.9,66.4,72.99,7.6,,
Florida,March,2005,58.7,26.3,63.5,70.43,3.18,,
Florida,April,2005,63.2,24,55.7,65.41,8.59,,
Florida,May,2005,72.4,18.4,60.8,68.45,13.2,,
Florida,June,2005,79.1,26.1,72.8,76.29,14.26,,
Florida,July,2005,81.6,31.9,73.6,77.72,1.71,,
Florida,August,2005,81.2,22.5,74.3,79.37,0.28,,
Florida,September,2005,80.2,23.8,53.7,67.49,4.32,,
Florida,October,2005,70.3,24.1,45.4,65.46,5.42,,
Florida,November,2005,63.2,23.1,52.9,65.97,2.29,,
Florida,December,2005,51.7,19.7,57.5,68.66,7.27,,
Florida,January,2006,56.9,20.6,53.1,70.3,0.3,68.18,3.99
Florida,February,2006,53.8,20.6,57.5,66.96,1.06,,
Florida,March,2006,61.6,23.9,52.9,60.62,3.96,,
Florida,April,2006,70.6,21.7,59.1,66.67,8.29,,
Florida,May,2006,74,18.3,57.7,67.76,4.28,,
Florida,June,2006,79.3,19.5,62.2,68.69,4.82,,
Florida,July,2006,81.1,23.9,69.7,72.27,2.1,,
Florida,August,2006,82.1,19.3,69.6,75.62,3.7,,
Florida,September,2006,75.9,16,58.1,76.76,2.4,,
Florida,October,2006,67.8,19.6,52,67.9,9.13,,
Florida,November,2006,57.8,20.7,48.9,71.42,3.37,,
Florida,December,2006,57.2,20.7,66.4,71.98,4.43,,
Florida,January,2007,54.1,17.2,75.1,70.92,0.93,68.38,3.96
Florida,February,2007,51.8,19.6,58.9,64.16,1.14,,
Florida,March,2007,62.5,23,52.7,61.83,0.2,,
Florida,April,2007,65.1,25.3,56.2,57.86,5.78,,
Florida,May,2007,75,21.9,47.9,53.77,7.45,,
Florida,June,2007,79.6,24.2,69.2,68.24,7.88,,
Florida,July,2007,81.7,21.9,76.4,70.17,3.7,,
Florida,August,2007,83.1,25.1,65.9,74.65,4.51,,
Florida,September,2007,79.7,18.2,62.4,70.69,1.21,,
Florida,October,2007,72.5,21.8,68.1,72.13,2.98,,
Florida,November,2007,57.8,20.7,38.5,68.23,3.43,,
Florida,December,2007,57.7,20.8,59.3,76.42,8.32,,
Florida,January,2008,50.9,21.8,42.8,69.64,2.42,67.21,4.37
Florida,February,2008,55.8,24,32,67.2,3.76,,
Florida,March,2008,59.8,25.3,33.4,63.4,2.79,,
Florida,April,2008,67.1,23,40.2,66.72,5.8,,
Florida,May,2008,75.5,26.3,35.4,64.11,4.33,,
Florida,June,2008,79.5,27.4,41.4,73.14,16.95,,
Florida,July,2008,80.6,19.5,40.5,75.63,1.31,,
Florida,August,2008,79.9,25.1,50.8,77.49,4.24,,
Florida,September,2008,78,24.2,35.3,68.78,5.68,,
Florida,October,2008,67,20,35.2,67.89,1.39,,
Florida,November,2008,56,17,31.5,71.76,1.3,,
Florida,December,2008,56.4,25.1,42.2,75.12,2.5,,
Florida,January,2009,52.2,25.3,39.9,71.47,5.04,67.54,5.66
Florida,February,2009,51.6,21.9,29,64.8,10.7,,
Florida,March,2009,61,24.2,35.5,69.23,6.57,,
Florida,April,2009,67.5,28.7,32.9,66.15,5.54,,
Florida,May,2009,74.6,23.1,53.5,75.94,4.65,,
Florida,June,2009,82.3,18.1,32.3,70.5,3.23,,
Florida,July,2009,80,23,35.7,76.34,2.4,,
Florida,August,2009,79.5,19.7,38.2,77.76,3.37,,
Florida,September,2009,78.5,13.9,42.4,76.03,2.3,,
Florida,October,2009,71.3,21.9,45,77.62,10.89,,
Florida,November,2009,58.7,21.9,33.3,75.21,8.17,,
Florida,December,2009,53.3,23,54.7,76.12,5.05,,
Florida,January,2010,46.6,25.6,33,66.69,5.3,66.09,4.46
Florida,February,2010,46.7,25.3,35.7,67.27,3.97,,
Florida,March,2010,55.8,30.7,36.7,65.83,3.6,,
Florida,April,2010,67.7,20.8,22.4,65.38,7.89,,
Florida,May,2010,77.2,20.7,38.2,72.01,7.79,,
Florida,June,2010,82.4,22.3,31.1,72.31,10,,
Florida,July,2010,82.9,26.4,40,74.27,1.91,,
Florida,August,2010,82.4,20.1,41.1,79.67,0.78,,
Florida,September,2010,80.1,16.9,24.5,68.62,3.91,,
Florida,October,2010,68,19.2,20.1,66.23,1.49,,
Florida,November,2010,58.9,18.1,31.5,71.2,4.19,,
Florida,December,2010,44.4,26.1,25.3,64.78,2.64,,
Florida,January,2011,46.6,21.9,39.4,71.07,3.15,68.17,2.83
Florida,February,2011,55.3,18.3,47.3,71.99,2.12,,
Florida,March,2011,63.4,26.2,38.8,67.72,0.59,,
Florida,April,2011,69.7,26.3,30.1,67.49,4.63,,
Florida,May,2011,75,22.7,23.3,60.2,4.31,,
Florida,June,2011,82.4,30.1,30.7,67.52,2.08,,
Florida,July,2011,81.8,22.7,36,75.07,4.07,,
Florida,August,2011,83.6,19.3,27.3,69.99,1.57,,
Florida,September,2011,77.1,23.5,36.8,70.99,0.96,,
Florida,October,2011,65.6,23,28.8,65.71,4.27,,
Florida,November,2011,61,24.4,39.2,69.3,2.92,,
Florida,December,2011,56.5,23.9,45.6,75.68,3.25,,
Florida,January,2012,54.3,26.3,28.7,72.91,4.11,68.85,5.15
Florida,February,2012,58.7,25,56.6,74.39,2.33,,
Florida,March,2012,68.2,20.8,41.4,68.26,4.29,,
Florida,April,2012,69.3,22.6,30,63.93,10.95,,
Florida,May,2012,76.7,22,34.4,65.12,5.49,,
Florida,June,2012,78.9,26.7,43,68.48,12.37,,
Florida,July,2012,80.9,19.9,36.7,75.65,5.81,,
Florida,August,2012,79.3,16.8,46.8,79.37,1.45,,
Florida,September,2012,77.6,15.3,36.7,72.76,0.33,,
Florida,October,2012,69.2,22.5,26.1,68.43,3.64,,
Florida,November,2012,57.4,23.5,36.8,67.23,0.89,,
Florida,December,2012,55.7,23.9,46.1,73.62,10.1,,
Florida,January,2013,59.1,23.8,48.5,70.14,5.19,68.49,5.27
Florida,February,2013,55.8,23.3,42.3,69.3,5.26,,
Florida,March,2013,55.6,23.3,27.5,55.36,0.59,,
Florida,April,2013,68,19.6,39.1,67.63,7.11,,
Florida,May,2013,72.9,20.2,34.5,61.75,14.89,,
Florida,June,2013,80.8,18.2,47.4,72.17,8.63,,
Florida,July,2013,79,29,53.6,78.83,3.1,,
Florida,August,2013,80.9,25.6,41.3,75.28,1.04,,
Florida,September,2013,79.1,15.1,38.5,72.28,4.42,,
Florida,October,2013,70.7,17.1,33.3,69.43,4.83,,
Florida,November,2013,61.4,23.5,38.4,65.34,3.79,,
Florida,December,2013,58.6,19.2,57,73.69,4.36,,
Florida,January,2014,47.7,23.5,53.8,62.38,9.91,67.36,8.93
Florida,February,2014,56.6,16.9,51.1,70.94,12.44,,
Florida,March,2014,59.2,27,51.9,63.99,1.37,,
Florida,April,2014,67.5,29,54.4,69.82,3.59,,
Florida,May,2014,75.2,21,44.9,64.88,1.93,,
Florida,June,2014,80.8,22.4,54.2,69.04,2.17,,
Florida,July,2014,81.3,18,53.9,70.28,6.98,,
Florida,August,2014,82.9,20.3,48,70.58,4.62,,
Florida,September,2014,78.2,21.9,60.8,77.87,16.13,,
Florida,October,2014,68.6,17.7,29.6,68.35,29.73,,
Florida,November,2014,54.1,21.7,38.8,64.57,11.79,,
Florida,December,2014,56.2,21.6,46.9,72.76,6.47,,
Florida,January,2015,52.3,21.2,55.5,65.68,20.07,70.7,7.99
Florida,February,2015,50.7,22.8,49.8,64.57,20.16,,
Florida,March,2015,65.8,18.9,60.2,72.62,3.77,,
Florida,April,2015,72.9,20.3,65.6,76.07,9.35,,
Florida,May,2015,77.6,17.8,44.7,64.9,10.63,,
Florida,June,2015,80.7,17.1,50.1,75.89,6.04,,
Florida,July,2015,83.6,24.2,47.7,74.28,3.08,,
Florida,August,2015,82.4,21.7,53.8,76.33,0.48,,
Florida,September,2015,78.6,15,65,75.71,8.37,,
Florida,October,2015,71.8,21.5,50.1,69.97,5.35,,
Florida,November,2015,67.8,24,53.7,75.36,4.17,,
Florida,December,2015,64.2,17.8,58.6,79.71,4.39,,
Florida,January,2016,50.8,22.6,52.1,69.24,6.8,69.92,4.89
Florida,February,2016,54.8,26.8,33.7,61.87,6.37,,
Florida,March,2016,65.3,27.4,57.2,69.58,1.73,,
Florida,April,2016,69,17.7,50.7,65.43,8.18,,
Florida,May,2016,75.8,19.6,45.6,63.41,8.35,,
Florida,June,2016,81.8,22.7,49.8,69.7,7.6,,
Florida,July,2016,83.1,26.5,45.1,75.33,4.59,,
Florida,August,2016,82.8,19.4,55.2,77.62,0.17,,
Florida,September,2016,80.1,24.1,47.6,77.14,0.17,,
Florida,October,2016,72.5,18.3,34.3,65.27,4.39,,
Florida,November,2016,63.3,23.8,40.8,62.85,7.11,,
Florida,December,2016,59.7,20.6,59.5,75.52,3.19,,
Florida,January,2017,57.5,30.3,47.1,76.32,1.15,69.42,4.31
Florida,February,2017,61.9,24,44.5,72.77,3.28,,
Florida,March,2017,63.1,21.7,45.3,64.51,6.04,,
Florida,April,2017,70.1,21.8,45,67.66,12.99,,
Florida,May,2017,74.9,22.7,47.4,69.75,5.17,,
Florida,June,2017,78,24.6,68.7,84.35,7.46,,
Florida,July,2017,80.9,19.4,54.2,81.56,3.44,,
Florida,August,2017,81.2,15.9,54.2,81.99,3.98,,
Florida,September,2017,77.5,32.2,53.8,78.51,0.47,,
Florida,October,2017,71.6,21.8,42.9,74.45,1.92,,
Florida,November,2017,61.3,16.5,36.1,76.57,1.61,,
Florida,December,2017,55,23.5,61.6,81.12,4.21,,
Florida,January,2018,48,18.9,46.2,64.35,6.83,68.6,6.54
Florida,February,2018,64.3,19.6,59.1,81.87,3.73,,
Florida,March,2018,59.3,29.7,45.1,66.13,7.13,,
Florida,April,2018,66.3,23.4,45.4,69.03,7.67,,
Florida,May,2018,76.2,22.7,59,71.72,8.09,,
Florida,June,2018,80.5,19.2,55.9,76.02,11.56,,
Florida,July,2018,80.7,23.7,55.6,80.39,4.01,,
Florida,August,2018,79.7,24.8,56,82.95,3.89,,
Florida,September,2018,80.7,23.7,45.5,80.14,5.3,,
Florida,October,2018,73.1,40.8,37.6,75.72,16,,
Florida,November,2018,58.7,18.3,63.9,82.98,3.13,,
Florida,December,2018,55.7,21.1,71.7,83.26,1.13,,
Florida,January,2019,52.7,26.2,49.3,74.71,3,69.89,3.48
Florida,February,2019,62.6,18.1,69.8,78.81,3.06,,
Florida,March,2019,60.8,25.1,47.9,69.03,2.2,,
Florida,April,2019,67.4,32.1,44.7,73.31,5.18,,
Florida,May,2019,78.4,22.9,40.9,71.53,8.46,,
Florida,June,2019,81,30,48.8,79.03,4.46,,
Florida,July,2019,81.4,21.6,44.4,80.36,0,,
Florida,August,2019,81.7,17.2,48,82.53,4.42,,
Florida,September,2019,82.5,18.2,33.7,69.34,0.88,,
Florida,October,2019,74.8,21.9,45.4,73.57,3.53,,
Florida,November,2019,57.9,19.6,46.7,71.71,1.35,,
Florida,December,2019,57.5,20.7,54.9,74.23,5.18,,
Florida,January,2020,56.6,22.9,50.4,70.56,2.23,63.07,4.59
Florida,February,2020,57.4,25.2,52.1,74.94,4.52,,
Florida,March,2020,68.7,23,51.8,72.55,4.4,,
Florida,April,2020,69.4,23,47,63.89,9.39,,
Florida,May,2020,74.6,19.6,41.8,63.74,7.03,,
Florida,June,2020,79.5,21.6,50,72.47,5.59,,
Florida,July,2020,81.6,34.7,43.5,79.33,4.2,,
Florida,August,2020,81.3,22.1,32.7,81.97,3.43,,
Kentucky,January,1990,41.2,25.5,73.8,70.22,1.92,57.12,4.28
Kentucky,February,1990,43.7,31.1,69.8,69.53,2.38,,
Kentucky,March,1990,48.9,29.6,68.6,67.51,5.44,,
Kentucky,April,1990,53.9,22.1,58.7,63.58,4.56,,
Kentucky,May,1990,61.5,23.1,77.6,73.88,6.58,,
Kentucky,June,1990,72.5,26.2,54.2,70.42,4.28,,
Kentucky,July,1990,75.4,18.5,42.6,70.82,2.04,,
Kentucky,August,1990,73.5,17.2,54.3,76.54,4.51,,
Kentucky,September,1990,68.4,17.2,51,79.6,2.7,,
Kentucky,October,1990,56.1,20.8,51.5,72.46,10.32,,
Kentucky,November,1990,49.8,23.4,51,66.75,2.61,,
Kentucky,December,1990,40.5,26.4,69.9,77.11,3.97,,
Kentucky,January,1991,33.9,22,76.6,80.74,5.83,57.2,3.45
Kentucky,February,1991,39.1,22.7,65.9,70.56,2.73,,
Kentucky,March,1991,47.6,28.9,70,66.95,4.16,,
Kentucky,April,1991,58.7,21.5,66.1,67.35,3.05,,
Kentucky,May,1991,70.1,16.9,73.5,77.85,3.61,,
Kentucky,June,1991,74.1,15.3,57.4,76.04,3.05,,
Kentucky,July,1991,77.3,26.9,52.7,73.48,2.13,,
Kentucky,August,1991,75.2,19.7,50.6,72.58,2.71,,
Kentucky,September,1991,68.5,14.8,55.7,72.78,1.3,,
Kentucky,October,1991,58.3,16.3,51.1,69.84,7.26,,
Kentucky,November,1991,43.7,20.7,68.9,69.58,3.66,,
Kentucky,December,1991,39.9,26.7,66.9,74.8,1.92,,
Kentucky,January,1992,35.2,27.1,69.7,75.85,4.77,54.98,4.21
Kentucky,February,1992,41.2,28.9,72.6,70.36,2.13,,
Kentucky,March,1992,45.2,27.7,68.4,69.14,4.7,,
Kentucky,April,1992,56,22.3,66.2,62.17,7.85,,
Kentucky,May,1992,61.9,20.9,64.6,72.65,10.21,,
Kentucky,June,1992,69.2,15.8,73.3,74,4.67,,
Kentucky,July,1992,75.4,22.6,60.9,78.31,3.43,,
Kentucky,August,1992,70.4,15,59,78.24,0.67,,
Kentucky,September,1992,66.8,16.7,48.2,76.67,3.4,,
Kentucky,October,1992,55.5,18.1,47.5,66.54,1.89,,
Kentucky,November,1992,45.7,27,74.7,74.92,2.63,,
Kentucky,December,1992,37.3,23.1,84,77.25,4.14,,
Kentucky,January,1993,37.2,23.1,73,74.23,3.86,54.86,3.98
Kentucky,February,1993,32.9,22.7,62,71.22,3.54,,
Kentucky,March,1993,42,27.9,75.6,74.63,2.39,,
Kentucky,April,1993,53,33.7,73.6,65.62,5.97,,
Kentucky,May,1993,65,17.8,59.7,70.58,3.54,,
Kentucky,June,1993,71.8,18.6,61.5,76.32,3.73,,
Kentucky,July,1993,79.2,17.9,51,71.88,3.02,,
Kentucky,August,1993,76.1,13.7,50.5,73.79,4.23,,
Kentucky,September,1993,65.9,19.3,62.6,75.79,5.44,,
Kentucky,October,1993,54.9,21,57.9,73.03,3.37,,
Kentucky,November,1993,44.9,22.6,71.5,72.97,4.48,,
Kentucky,December,1993,35.4,22.9,80.6,77,4.22,,
Kentucky,January,1994,25.9,22,80.7,80.11,7.53,55.59,3.74
Kentucky,February,1994,36.6,25.3,69.3,67.16,5.15,,
Kentucky,March,1994,44.1,29.8,65,65.82,4.93,,
Kentucky,April,1994,58.5,27.1,59.5,63.73,3.85,,
Kentucky,May,1994,61.1,17.3,48.1,67.73,2.22,,
Kentucky,June,1994,75,19.5,53.3,71.51,3.73,,
Kentucky,July,1994,76.2,16.3,58.9,75.1,1.21,,
Kentucky,August,1994,73.7,17.4,45.9,73,2.03,,
Kentucky,September,1994,66.4,17.2,41.6,73.33,3.02,,
Kentucky,October,1994,57.9,17.8,50.3,69.89,3.77,,
Kentucky,November,1994,50.6,28.3,60.4,70.88,5.09,,
Kentucky,December,1994,41.1,22.1,72.2,79.74,2.31,,
Kentucky,January,1995,34,26.1,78.6,79.91,3.44,55.22,4.16
Kentucky,February,1995,34.2,21.2,71.1,68.2,3.86,,
Kentucky,March,1995,47.6,26.9,58.3,62.06,8.85,,
Kentucky,April,1995,56.4,25.3,63.2,60.4,8.63,,
Kentucky,May,1995,63.8,25.3,72.5,73.89,1.26,,
Kentucky,June,1995,72.6,20.7,65.5,77.36,5.01,,
Kentucky,July,1995,77.2,17.1,51.3,74.18,2.73,,
Kentucky,August,1995,79.1,15.3,44.7,77.43,4.11,,
Kentucky,September,1995,66.5,16.3,53.3,74.03,2.86,,
Kentucky,October,1995,57.2,22.2,48.7,71.59,2.65,,
Kentucky,November,1995,40.3,28.8,66.9,70.62,4.66,,
Kentucky,December,1995,33.7,18.8,72.6,72.93,1.91,,
Kentucky,January,1996,31,22.4,81.1,77.37,4.5,54.07,3.78
Kentucky,February,1996,35.8,24,78.1,69.88,4.76,,
Kentucky,March,1996,39.4,25.8,39.1,65.97,8.54,,
Kentucky,April,1996,51.5,23.7,15.9,65.92,4.2,,
Kentucky,May,1996,65.9,34.3,20.4,75.01,3.64,,
Kentucky,June,1996,72.4,17.7,17.2,79.66,1.7,,
Kentucky,July,1996,74.1,15,46.2,76.94,3.72,,
Kentucky,August,1996,74.6,13.9,32.4,78.5,0.46,,
Kentucky,September,1996,66.5,16.1,45.1,80.51,3.75,,
Kentucky,October,1996,56.9,21.9,42.3,74.04,5.18,,
Kentucky,November,1996,40.6,21.9,59.8,74.65,1.61,,
Kentucky,December,1996,40.1,26.4,71.3,77.01,3.28,,
Kentucky,January,1997,31.7,22.6,56.4,71.1,14.68,53.65,4.60
Kentucky,February,1997,40.6,26.3,61.1,70.58,1.69,,
Kentucky,March,1997,46.3,26.4,44.9,71.03,7.57,,
Kentucky,April,1997,50.2,32.2,34.1,62.78,8.64,,
Kentucky,May,1997,58.5,24.1,44.1,70.18,2.76,,
Kentucky,June,1997,69.1,19.4,53.4,84.24,3.07,,
Kentucky,July,1997,76,21.9,19.7,73.16,2,,
Kentucky,August,1997,72.5,20.8,35.7,76.46,1.87,,
Kentucky,September,1997,66.3,24.2,24.6,75.77,3.76,,
Kentucky,October,1997,55.4,20.8,31.1,72.33,2.95,,
Kentucky,November,1997,41.9,18.3,65.4,76.37,3.67,,
Kentucky,December,1997,35.3,17.2,66.6,79.5,2.49,,
Kentucky,January,1998,40.5,19.4,72.2,81.35,3.25,57.05,4.32
Kentucky,February,1998,41.3,20.8,58.9,80.38,8.12,,
Kentucky,March,1998,45.5,28.8,58.5,69.91,5.16,,
Kentucky,April,1998,53.7,29.9,46.3,71.16,7.17,,
Kentucky,May,1998,67.3,19.4,36.8,73.82,6.53,,
Kentucky,June,1998,72.3,23,41.4,77.35,1.68,,
Kentucky,July,1998,74.3,23,31.5,78.87,1.71,,
Kentucky,August,1998,74.8,18.3,18.4,74.03,2.57,,
Kentucky,September,1998,71.8,17.2,13.4,69.81,1.86,,
Kentucky,October,1998,56.7,17.2,29.9,74.89,3.26,,
Kentucky,November,1998,46.8,25.3,39.9,72.83,7.36,,
Kentucky,December,1998,39.6,24.1,50.1,77.74,3.13,,
Kentucky,January,1999,36.7,24.2,61.4,76.58,3.62,56.52,2.74
Kentucky,February,1999,39.8,42.5,48.7,72.12,2.52,,
Kentucky,March,1999,40.2,23,41.1,64.52,1.3,,
Kentucky,April,1999,57.5,27.5,50.8,70.44,4.31,,
Kentucky,May,1999,65.2,27.7,25.1,66.53,2.27,,
Kentucky,June,1999,73.5,21.9,35.1,74.13,0.66,,
Kentucky,July,1999,79.3,27.5,17.6,73.26,0.94,,
Kentucky,August,1999,74.9,18.3,22.4,66.34,2.17,,
Kentucky,September,1999,68.2,18.3,15.2,62.41,1.83,,
Kentucky,October,1999,55.7,20.8,27,71.74,3.03,,
Kentucky,November,1999,49.7,25.3,29.5,73.12,3.88,,
Kentucky,December,1999,37.5,29.9,46.8,72.8,6.3,,
Kentucky,January,2000,32.3,25.3,57.1,74.51,3.75,54.59,3.59
Kentucky,February,2000,42.4,24.1,49.4,69.67,3.11,,
Kentucky,March,2000,49,27.5,35.2,67.47,3.22,,
Kentucky,April,2000,53.8,25.3,47.3,73.45,4.94,,
Kentucky,May,2000,67.1,23,38.8,71.8,4.07,,
Kentucky,June,2000,72.7,21.9,28.2,73.86,4.3,,
Kentucky,July,2000,73.7,19.4,34.3,77.83,4.9,,
Kentucky,August,2000,73.5,25.2,23.8,79.87,0.86,,
Kentucky,September,2000,65.3,23.1,36.5,79.83,2.19,,
Kentucky,October,2000,57.4,17.2,24.1,75.02,5.69,,
Kentucky,November,2000,42.6,27.2,49.5,72.97,1.4,,
Kentucky,December,2000,25.3,27.5,66.1,77.04,4.63,,
Kentucky,January,2001,31.4,19.4,52.9,74.77,4.04,55.78,4.42
Kentucky,February,2001,40.1,28.8,56.9,68.62,2.09,,
Kentucky,March,2001,40.5,25.3,50.4,65.31,5.01,,
Kentucky,April,2001,59.7,25.2,34.7,60.17,4.68,,
Kentucky,May,2001,65.7,18.9,39.9,73.72,7.49,,
Kentucky,June,2001,70.9,20.7,30,76.88,4.51,,
Kentucky,July,2001,75.1,19.5,29.8,76.8,4.67,,
Kentucky,August,2001,75.4,21.9,31.2,78.6,4.6,,
Kentucky,September,2001,65.1,19.4,28.5,73.8,5.94,,
Kentucky,October,2001,55.4,27.2,25.6,67.17,4.24,,
Kentucky,November,2001,49.9,24.2,26.9,71.41,4.08,,
Kentucky,December,2001,40.1,28.8,47.5,75.8,1.7,,
Kentucky,January,2002,37.9,21.6,44.5,73.6,7.68,56.11,4.74
Kentucky,February,2002,37,24.2,38,63.96,6.51,,
Kentucky,March,2002,44.7,31.1,53.7,66.28,5.43,,
Kentucky,April,2002,57.8,25.3,42.1,66.59,3.89,,
Kentucky,May,2002,61.5,26.3,39.5,74.3,1.44,,
Kentucky,June,2002,73.7,18.3,29.7,77.17,4,,
Kentucky,July,2002,78.3,20.8,24.3,72.65,5.93,,
Kentucky,August,2002,77.2,19.4,21.1,68.96,7.14,,
Kentucky,September,2002,70.9,21.9,24.6,73.45,3.99,,
Kentucky,October,2002,55.4,26.4,54.1,83.35,4.84,,
Kentucky,November,2002,43,28.8,54.5,78.89,1.35,,
Kentucky,December,2002,35.9,29.9,53.6,78.75,4.7,,
Kentucky,January,2003,27,20.8,59.5,72.43,2.41,53.97,4.94
Kentucky,February,2003,31.4,21.9,74.3,81.75,4.67,,
Kentucky,March,2003,46.6,24.2,47.1,71.54,9.84,,
Kentucky,April,2003,56.7,26.4,38.4,70.71,6.23,,
Kentucky,May,2003,63.2,25.2,61.2,80.63,6.95,,
Kentucky,June,2003,68.2,21.7,30.1,79.07,6.78,,
Kentucky,July,2003,74.3,19.4,24.2,81.29,6.15,,
Kentucky,August,2003,74.2,21.5,23.3,84.68,2.16,,
Kentucky,September,2003,64.6,17.1,27.3,83.05,5.08,,
Kentucky,October,2003,55.8,18.3,29,78.01,3.62,,
Kentucky,November,2003,49.7,20.7,41.5,77.95,3.67,,
Kentucky,December,2003,35.9,20.5,53,79.35,1.69,,
Kentucky,January,2004,30.3,20.7,53.3,73.92,4.28,55.22,5.58
Kentucky,February,2004,35.5,21.9,41.3,68.77,4.65,,
Kentucky,March,2004,47.2,26.2,49.7,72.23,11.61,,
Kentucky,April,2004,55.5,25.2,39.6,68.83,4.28,,
Kentucky,May,2004,68.3,22.6,40.7,81.64,9.65,,
Kentucky,June,2004,72,16,30.5,81.53,3.72,,
Kentucky,July,2004,72.8,19.1,34.4,82.25,3.43,,
Kentucky,August,2004,70.3,16,31,78.52,7.45,,
Kentucky,September,2004,67.8,18.2,24.3,76.09,7.26,,
Kentucky,October,2004,58.3,28.5,42.7,75.91,4.61,,
Kentucky,November,2004,48.9,19.3,56.5,76.16,4.36,,
Kentucky,December,2004,35.7,25.3,44.7,76.35,1.64,,
Kentucky,January,2005,37.5,21.9,65.2,76.72,4.11,56.11,2.92
Kentucky,February,2005,39.2,21.8,53.1,75.04,3.84,,
Kentucky,March,2005,40.8,24.1,50.1,68.44,2.87,,
Kentucky,April,2005,56.3,19.6,41.8,65.21,0.65,,
Kentucky,May,2005,61.5,20.7,27.4,64.96,1.45,,
Kentucky,June,2005,74.6,18.3,25,67.42,5.26,,
Kentucky,July,2005,78.1,18.3,27.7,68.31,3.39,,
Kentucky,August,2005,78,19.5,25.8,68.47,1.73,,
Kentucky,September,2005,70.8,18.3,22.1,71.31,2.59,,
Kentucky,October,2005,56.6,12.7,43.1,73.34,2.39,,
Kentucky,November,2005,47.6,28.7,38.7,60.75,4.93,,
Kentucky,December,2005,32.3,21.6,62,75.59,1.84,,
Kentucky,January,2006,42.4,32.1,50.1,69.81,3.18,56.19,4.56
Kentucky,February,2006,36,23,52.3,62.79,4.46,,
Kentucky,March,2006,45.7,24.2,47.2,62.2,3.72,,
Kentucky,April,2006,59.9,26.3,34.5,62.11,4.84,,
Kentucky,May,2006,63,21.9,41.5,68.09,7.97,,
Kentucky,June,2006,70.2,20.7,26,71.78,3.15,,
Kentucky,July,2006,76.3,18.2,24,73.74,10.66,,
Kentucky,August,2006,76.6,15,24.1,75.3,5.05,,
Kentucky,September,2006,63.8,25.2,49.5,78.01,2.23,,
Kentucky,October,2006,53.2,23,41.8,72.78,2.91,,
Kentucky,November,2006,46.2,17.2,44.1,73.02,3.69,,
Kentucky,December,2006,41,30,37.7,68.83,2.84,,
Kentucky,January,2007,37.4,20.8,59,70.93,2.51,57.17,3.57
Kentucky,February,2007,27.6,25.3,48.8,65.17,4.45,,
Kentucky,March,2007,52.4,25.2,38.1,61.04,1.23,,
Kentucky,April,2007,53,28.8,45.8,60.77,1.26,,
Kentucky,May,2007,67.8,19.6,19.1,62.46,5.2,,
Kentucky,June,2007,74,20.7,18.5,63.24,1.72,,
Kentucky,July,2007,74.9,19.7,23.1,64.96,1.65,,
Kentucky,August,2007,80.4,25.2,13.3,61.67,6.52,,
Kentucky,September,2007,71.9,24.1,14.4,60.73,2.66,,
Kentucky,October,2007,61.9,19.6,38.6,67.36,5.71,,
Kentucky,November,2007,45.1,19.7,42.9,66.84,4.51,,
Kentucky,December,2007,39.6,27.7,60.8,76.61,5.47,,
Kentucky,January,2008,32.3,29.9,51.4,67.58,8.34,54.85,3.69
Kentucky,February,2008,35.7,28.9,71.4,72.04,5.77,,
Kentucky,March,2008,43.7,26.4,54.6,69.29,5.53,,
Kentucky,April,2008,55.1,21.9,41.4,66.84,4.59,,
Kentucky,May,2008,61.6,29.9,39.7,68.79,2.65,,
Kentucky,June,2008,74.2,25.2,22.7,67.73,0.53,,
Kentucky,July,2008,75.4,16.1,24.8,67.42,0.69,,
Kentucky,August,2008,74.2,15,17.6,64.72,1.8,,
Kentucky,September,2008,71.4,31.1,26.7,62.22,2.36,,
Kentucky,October,2008,56.3,18.3,24.6,60.43,5.06,,
Kentucky,November,2008,42.2,20.7,42.1,67.19,4.49,,
Kentucky,December,2008,36.1,25.2,57.4,71.06,2.51,,
Kentucky,January,2009,29,24.1,62.8,72.12,2.58,54.75,4.25
Kentucky,February,2009,37.6,28.8,52,64.04,4.68,,
Kentucky,March,2009,48.2,27.7,44.3,61.76,4.92,,
Kentucky,April,2009,55.8,26.4,45.3,63.03,4.79,,
Kentucky,May,2009,64.7,17.2,36.4,71.04,7.24,,
Kentucky,June,2009,73.2,17.2,27.5,73.45,2.61,,
Kentucky,July,2009,71.3,19.7,42.9,74.04,6.93,,
Kentucky,August,2009,72.9,21.9,27,74.36,7.29,,
Kentucky,September,2009,68.3,17.3,40.8,73.94,1.09,,
Kentucky,October,2009,53.1,29.9,44.1,74.52,4.35,,
Kentucky,November,2009,47.9,19.7,30.7,68.84,2.78,,
Kentucky,December,2009,35,34.4,60.3,72.9,1.76,,
Kentucky,January,2010,28.7,17.2,67.1,73.94,1.36,55.5,3.51
Kentucky,February,2010,29.3,21.9,71.8,72.51,3.35,,
Kentucky,March,2010,46.7,17.2,48.4,65.25,9.21,,
Kentucky,April,2010,59.5,26.4,23.8,58.39,5.22,,
Kentucky,May,2010,67,25.3,38.7,72.6,5.62,,
Kentucky,June,2010,76.9,27.6,19.1,72.94,1.24,,
Kentucky,July,2010,78,18.3,22.1,74.1,0.33,,
Kentucky,August,2010,77.7,19.6,13.8,70.05,1.22,,
Kentucky,September,2010,70.4,21.9,15,58.82,5.19,,
Kentucky,October,2010,57.6,27.8,16.8,54.03,2.02,,
Kentucky,November,2010,46,28.8,36.9,68.1,1.56,,
Kentucky,December,2010,28.2,19.7,73.2,76.85,5.85,,
Kentucky,January,2011,28.6,17.2,65.8,73.37,4.45,56.07,5.37
Kentucky,February,2011,38.3,27.7,58.7,68.73,13.94,,
Kentucky,March,2011,46.6,25.2,54.5,63.3,9.11,,
Kentucky,April,2011,58.6,29.9,42.9,67.83,3.61,,
Kentucky,May,2011,63.7,23.7,43,78.79,3.92,,
Kentucky,June,2011,73.5,26.3,23,73.62,3.25,,
Kentucky,July,2011,79.1,17.7,17.1,77.82,5.38,,
Kentucky,August,2011,74.9,26.3,18.2,71.98,3.2,,
Kentucky,September,2011,65.4,17.2,45.9,76.62,7.58,,
Kentucky,October,2011,53.9,24.1,30.6,71.12,4.16,,
Kentucky,November,2011,49.6,24.2,47.5,73.02,3.25,,
Kentucky,December,2011,40.6,23,49.3,76.6,2.59,,
Kentucky,January,2012,37.4,24.2,53.3,70.26,3.99,57.43,3.55
Kentucky,February,2012,39.9,25.3,50.3,71.61,2.67,,
Kentucky,March,2012,56.3,25.2,33.8,68.12,5.02,,
Kentucky,April,2012,56.4,21.9,29.6,62.48,1.3,,
Kentucky,May,2012,68.7,17.2,29.4,72.85,5.7,,
Kentucky,June,2012,72.5,16.1,19.9,64.82,1.07,,
Kentucky,July,2012,79.5,19.8,21.9,69.89,6.14,,
Kentucky,August,2012,73.9,26.3,24.2,68.52,1.88,,
Kentucky,September,2012,66.4,17.2,37.3,75.45,1.55,,
Kentucky,October,2012,54.4,26.4,43.8,70.29,6.57,,
Kentucky,November,2012,41.9,21.9,23.5,67.97,5.02,,
Kentucky,December,2012,41.9,24.2,62.7,79.83,1.69,,
Kentucky,January,2013,36,24.2,47.5,73.76,4.17,54.23,4.23
Kentucky,February,2013,35.3,26.3,50,71.38,4.06,,
Kentucky,March,2013,38.4,23,58.2,70.96,4.72,,
Kentucky,April,2013,54.8,25.3,35.6,64.36,6.58,,
Kentucky,May,2013,65,18.3,44.7,73.52,7.7,,
Kentucky,June,2013,72.3,19.7,35.5,76.24,1.68,,
Kentucky,July,2013,73.5,15,38.5,80.14,2.24,,
Kentucky,August,2013,73.4,21.9,38.3,78.06,5.15,,
Kentucky,September,2013,68.1,16.1,25.5,75.73,3.28,,
Kentucky,October,2013,55.8,26.4,40.3,78.7,4.97,,
Kentucky,November,2013,41.7,21.9,32.5,69.32,2.27,,
Kentucky,December,2013,36.5,24.2,59.6,77.02,3.97,,
Kentucky,January,2014,25.8,27.6,47.7,67.93,2.26,53.26,3.63
Kentucky,February,2014,30.6,26.4,48,70.53,6.66,,
Kentucky,March,2014,40.7,26.4,38.8,62.09,5.83,,
Kentucky,April,2014,57.1,26.4,39.2,62.64,3.95,,
Kentucky,May,2014,65.2,21.8,31.2,69.68,3.06,,
Kentucky,June,2014,73.3,23,34.9,75.57,5.53,,
Kentucky,July,2014,72,19.7,36,71.65,2.82,,
Kentucky,August,2014,73.8,16.1,40,79.01,4.52,,
Kentucky,September,2014,66.8,20.8,26.4,74.61,1.97,,
Kentucky,October,2014,56.1,19.7,52.1,75.37,3.32,,
Kentucky,November,2014,39.5,33.3,52.3,67.08,1.46,,
Kentucky,December,2014,38.2,20.7,69.4,77.91,2.14,,
Kentucky,January,2015,31.1,24.2,53.5,68.14,6.82,55.7,5.22
Kentucky,February,2015,25.3,25.3,48.7,62.45,11.64,,
Kentucky,March,2015,43.9,21.9,37.9,64.76,0.91,,
Kentucky,April,2015,56.4,28.8,44.8,64.47,6.31,,
Kentucky,May,2015,67.8,21.9,29,66.57,10.98,,
Kentucky,June,2015,73.6,17.2,37.5,72.85,3.13,,
Kentucky,July,2015,75.3,27.7,38.9,77.4,3.42,,
Kentucky,August,2015,72,20.8,27,73.35,3.77,,
Kentucky,September,2015,69.3,19.6,26.6,71.18,3.86,,
Kentucky,October,2015,56.9,17.2,34.7,70.39,6.39,,
Kentucky,November,2015,49.4,21.9,34.9,69.54,0.99,,
Kentucky,December,2015,47.4,27.7,54.2,76.86,4.47,,
Kentucky,January,2016,31.6,24.2,47.2,66.65,6.12,57.75,3.85
Kentucky,February,2016,38.3,30,52.4,66.74,3.1,,
Kentucky,March,2016,51.8,25.3,47.6,63.44,4.45,,
Kentucky,April,2016,57.2,27.7,37.6,56.55,4.44,,
Kentucky,May,2016,62.9,18.3,49.5,69.52,7.5,,
Kentucky,June,2016,75.3,18.3,22.7,65.5,4.42,,
Kentucky,July,2016,77.4,20.8,33,74.87,2.05,,
Kentucky,August,2016,77.8,19.6,33.6,75.39,0.74,,
Kentucky,September,2016,72,25.2,22.3,68.89,1.49,,
Kentucky,October,2016,62.9,19.7,31.3,65.93,5.52,,
Kentucky,November,2016,48.9,21.9,29.9,65.71,3.96,,
Kentucky,December,2016,36.9,26.4,60.8,66.52,2.35,,
Kentucky,January,2017,40.9,27.7,67,72.05,5.11,57.81,4.57
Kentucky,February,2017,46.5,26.4,45.7,60.19,3.36,,
Kentucky,March,2017,47.7,24.1,44.4,55.52,6,,
Kentucky,April,2017,62.3,23,42.9,60.05,5.54,,
Kentucky,May,2017,65.3,21.9,42.9,67.41,5.15,,
Kentucky,June,2017,72.7,20.8,26.1,64.88,2.7,,
Kentucky,July,2017,77.3,19.6,27.5,71.03,4.98,,
Kentucky,August,2017,73.2,25.2,27.8,69.6,6.38,,
Kentucky,September,2017,67.9,19.7,27.2,71.3,2.82,,
Kentucky,October,2017,58.7,20.8,39,69.99,1.85,,
Kentucky,November,2017,46.4,34.4,43.8,67.13,1.63,,
Kentucky,December,2017,34.8,21.9,47.3,63.06,9.27,,
Kentucky,January,2018,30.7,21.9,52.1,63.16,4.78,56.86,5.69
Kentucky,February,2018,44.2,26.4,64.5,71.04,4.45,,
Kentucky,March,2018,42.7,20.8,57.1,61.82,7.23,,
Kentucky,April,2018,51,29.9,45.6,57,4.8,,
Kentucky,May,2018,72.7,19.7,30.2,67.79,6.12,,
Kentucky,June,2018,75.5,21.8,31.6,71.12,7.2,,
Kentucky,July,2018,76.6,22.9,24.6,71.98,6.72,,
Kentucky,August,2018,75.8,17.2,32.1,78.83,4.72,,
Kentucky,September,2018,72.3,17.2,41,81.05,5.65,,
Kentucky,October,2018,58.7,28.9,35.6,74.71,5.45,,
Kentucky,November,2018,41.6,23.1,59.3,78.02,3.45,,
Kentucky,December,2018,40.5,24.2,51.1,75.12,7.73,,
Kentucky,January,2019,33.8,24.2,62.6,73.52,3.58,57.38,4.58
Kentucky,February,2019,41.8,25.3,55,72.23,6.38,,
Kentucky,March,2019,42.6,33.3,42.7,63.54,3.94,,
Kentucky,April,2019,58.8,28.9,36,64.94,6.48,,
Kentucky,May,2019,68.1,23,37.5,74.72,5.43,,
Kentucky,June,2019,72.5,17.2,35.2,73.09,2.37,,
Kentucky,July,2019,78.2,19.7,23.7,72.95,0.08,,
Kentucky,August,2019,76.2,18.3,20.8,71.08,8.53,,
Kentucky,September,2019,75.4,19.7,12.3,64.86,5.2,,
Kentucky,October,2019,59.2,27.7,30.9,71.9,4.36,,
Kentucky,November,2019,40.7,21.9,38.5,73.3,4.41,,
Kentucky,December,2019,41.3,24.2,47.3,74.83,4.18,,
Kentucky,January,2020,40.2,26.3,59.7,71.14,4.68,54.61,4.69
Kentucky,February,2020,38.7,24.1,55,71.36,4.85,,
Kentucky,March,2020,51.8,25.2,47.1,66.44,5.67,,
Kentucky,April,2020,53.3,27.6,48.6,64.41,4.11,,
Kentucky,May,2020,62.7,25.1,48,70.4,3.82,,
Kentucky,June,2020,73.9,24,27.9,67.17,4.76,,
Kentucky,July,2020,79.2,19.5,23.3,72.03,0,,
Kentucky,August,2020,74.2,18.3,32.6,74.11,2.17,,
Missouri,January,1990,40.6,31.1,45.9,69.25,4.2,56.39,4.93
Missouri,February,1990,39.5,28.9,63,74.75,7.31,,
Missouri,March,1990,47.3,32.2,58.5,75.72,3.26,,
Missouri,April,1990,53.9,24,60.9,72.12,11.5,,
Missouri,May,1990,60.2,28.8,72.4,79.43,7.8,,
Missouri,June,1990,74,25.2,56.8,81.27,6.98,,
Missouri,July,1990,76.4,34.2,56.1,78.75,4.37,,
Missouri,August,1990,75,17.2,47.3,79.75,1.06,,
Missouri,September,1990,70.8,23,40.9,75.21,3.41,,
Missouri,October,1990,55.8,27.9,34.4,68.98,3.38,,
Missouri,November,1990,50.8,24.2,50.7,70.87,4.07,,
Missouri,December,1990,32.4,23,60.3,74.36,1.78,,
Missouri,January,1991,27.6,23,67.8,80.75,0.15,56.71,3.35
Missouri,February,1991,40.4,31.1,53.2,68.05,2.38,,
Missouri,March,1991,49.4,34.5,60.7,65.94,5.04,,
Missouri,April,1991,59,28.3,63.3,74.83,5.26,,
Missouri,May,1991,69.7,23,73.1,82.28,3.33,,
Missouri,June,1991,76.3,19.6,53.3,75.47,4.06,,
Missouri,July,1991,77.8,17.2,43.3,70.21,4.51,,
Missouri,August,1991,76.1,19.6,48.8,70.58,4.23,,
Missouri,September,1991,67.8,23,52.1,73.17,4.05,,
Missouri,October,1991,58.1,23,47.8,68.54,3.64,,
Missouri,November,1991,40.1,23,65.6,72.45,2.94,,
Missouri,December,1991,38.2,28.8,57.8,74.6,0.6,,
Missouri,January,1992,36.2,28.8,59.7,73.95,2.24,55,3.83
Missouri,February,1992,40.7,23,71.4,74.78,4.2,,
Missouri,March,1992,47.1,28.9,61.5,66.25,2.39,,
Missouri,April,1992,56,25.2,65,65.53,1.97,,
Missouri,May,1992,62.8,21.2,54.6,65.03,2.4,,
Missouri,June,1992,70.8,23.6,62.2,69.7,6.46,,
Missouri,July,1992,75.8,25.3,64,78.42,1.75,,
Missouri,August,1992,70.3,17.2,51.7,75.75,6.05,,
Missouri,September,1992,66.5,22.8,46.4,76.07,2.93,,
Missouri,October,1992,56.8,27.7,47.5,72.26,9.31,,
Missouri,November,1992,42.1,23,80.7,83.54,3.13,,
Missouri,December,1992,34.9,28.5,62.8,77.83,3.17,,
Missouri,January,1993,30.4,25.3,62.2,76.81,2.27,53.1,6.65
Missouri,February,1993,30.3,22.8,62.3,74.18,3.8,,
Missouri,March,1993,40.8,23,70.5,75.97,6.69,,
Missouri,April,1993,52.3,28.9,71.5,74.48,7.07,,
Missouri,May,1993,63.8,23,67,76.57,9.23,,
Missouri,June,1993,73.1,28.9,66.2,79.36,13.98,,
Missouri,July,1993,77.7,22.8,56,82.27,10.33,,
Missouri,August,1993,76.4,16.5,41.5,80.79,14.18,,
Missouri,September,1993,62.5,20.5,54.1,81.43,2.7,,
Missouri,October,1993,53,20.8,49.1,74.15,5.53,,
Missouri,November,1993,41,25.3,65.1,72.5,3.13,,
Missouri,December,1993,35.9,30,63.9,74.7,0.92,,
Missouri,January,1994,26.5,21.9,70,76.96,2.33,55.08,4.84
Missouri,February,1994,32.9,28.6,64.2,70.7,2.7,,
Missouri,March,1994,46.9,24.2,53.9,62.39,14.39,,
Missouri,April,1994,55.4,24.7,58.4,67.48,5.16,,
Missouri,May,1994,63.8,20.5,49.4,70.77,4.14,,
Missouri,June,1994,75.2,22.8,54.9,80.02,2.76,,
Missouri,July,1994,75.1,28.6,48.6,78.94,5.36,,
Missouri,August,1994,74.2,20.4,52.4,76.05,2.55,,
Missouri,September,1994,66.2,20.6,46.4,76.76,6.02,,
Missouri,October,1994,57.9,26.4,55.5,76.77,6.73,,
Missouri,November,1994,48.6,34.4,62.8,77.78,0.89,,
Missouri,December,1994,38.2,23,67.5,81.89,5.09,,
Missouri,January,1995,27.7,28.9,58.3,83.85,1.91,54.43,3.86
Missouri,February,1995,35.8,26.4,58.9,67.06,0.99,,
Missouri,March,1995,47.2,26.4,59.5,65.17,7.88,,
Missouri,April,1995,54.1,28.7,64.5,66.72,13.8,,
Missouri,May,1995,61.1,24.2,79,80.97,6.52,,
Missouri,June,1995,72.4,27.7,62.2,78.42,5.38,,
Missouri,July,1995,78.4,28.6,40.5,75.46,4.82,,
Missouri,August,1995,79.9,23,34.9,79.15,0.69,,
Missouri,September,1995,64.6,22.8,43.6,73.8,1.64,,
Missouri,October,1995,57.9,29.4,33.9,64.34,0.25,,
Missouri,November,1995,40.9,28.6,45.3,69.75,1.47,,
Missouri,December,1995,33.1,28.9,64.3,75.8,0.91,,
Missouri,January,1996,26.4,35.6,49.3,75.61,0.34,54.06,2.81
Missouri,February,1996,34.8,31.6,32.4,63.89,2.29,,
Missouri,March,1996,37.9,32.2,30.6,60.52,7.29,,
Missouri,April,1996,51.9,35.8,12.2,59.08,5.4,,
Missouri,May,1996,65.4,25.8,14.7,76.2,3.27,,
Missouri,June,1996,72.4,21.9,11.5,77.81,2.22,,
Missouri,July,1996,78,20.8,53.9,68.81,0.54,,
Missouri,August,1996,78.1,20.8,48.4,72.21,4.08,,
Missouri,September,1996,67.5,23,48.7,72.98,2.03,,
Missouri,October,1996,59.4,23,42.7,68.14,3.7,,
Missouri,November,1996,40.2,23,74,74.32,0.54,,
Missouri,December,1996,36.7,23,60.6,75.17,2.07,,
Missouri,January,1997,26.2,32.8,40.5,72.47,4.22,53.83,2.77
Missouri,February,1997,36.1,33.3,60.2,78.86,1.34,,
Missouri,March,1997,46.1,27,34.3,64.8,2.19,,
Missouri,April,1997,50.3,36.8,42.8,62.35,4.09,,
Missouri,May,1997,60.4,28.8,31.8,63.66,2.69,,
Missouri,June,1997,72,23,28.8,78.6,0.27,,
Missouri,July,1997,78.1,27.7,10.4,71.51,4.93,,
Missouri,August,1997,74.4,21.9,27.9,77.23,2.02,,
Missouri,September,1997,68.3,17.2,27,78.21,3.72,,
Missouri,October,1997,57.6,25.1,35.3,74.26,3.85,,
Missouri,November,1997,42.1,26.4,64.2,78.31,2.05,,
Missouri,December,1997,34.4,25.3,66.1,83.13,1.84,,
Missouri,January,1998,36.1,23,68.9,78.81,4.41,57.36,4.17
Missouri,February,1998,41.3,26.4,58.8,78.05,3.76,,
Missouri,March,1998,42,26.4,60.7,71.18,2.89,,
Missouri,April,1998,54.5,28.8,47.7,66.49,2.85,,
Missouri,May,1998,70.2,23,22.4,74.67,8.43,,
Missouri,June,1998,74.2,24.1,31.5,73.53,5.57,,
Missouri,July,1998,77.3,24.2,32.8,79.79,1.42,,
Missouri,August,1998,76.9,17.1,16.5,77.98,5.57,,
Missouri,September,1998,72.7,32.1,23.8,75.06,7.63,,
Missouri,October,1998,58.3,21.9,32.5,76.36,2.35,,
Missouri,November,1998,48.9,33.3,43.2,71.45,1.4,,
Missouri,December,1998,35.9,25.2,30.8,72.56,3.73,,
Missouri,January,1999,31.4,24.1,51.7,76.3,2.81,56.76,2.95
Missouri,February,1999,43.1,32.1,45.8,65.91,2.54,,
Missouri,March,1999,43,24.1,37.5,60.41,4.07,,
Missouri,April,1999,57.4,30,51.6,70.37,4.8,,
Missouri,May,1999,64.9,27.5,32.5,69.52,3.77,,
Missouri,June,1999,72.9,21.9,29,74.34,3.5,,
Missouri,July,1999,80.6,16.1,18.5,69.09,3.21,,
Missouri,August,1999,75,18.3,16.4,69.83,1.88,,
Missouri,September,1999,66.5,19.4,22.7,66.65,2.25,,
Missouri,October,1999,56.6,24.2,21.5,66.75,0.82,,
Missouri,November,1999,51.9,24.2,12,58.58,4.47,,
Missouri,December,1999,37.8,25.2,40.7,70.46,1.25,,
Missouri,January,2000,33.1,29.9,37.8,68.67,3.55,55.58,4.15
Missouri,February,2000,43.2,28.9,38.8,66.8,2.2,,
Missouri,March,2000,48.2,32.2,37.8,64.86,1.24,,
Missouri,April,2000,55.7,30,32.3,59.03,7.95,,
Missouri,May,2000,69.3,25.3,35.4,70.38,8.63,,
Missouri,June,2000,71.5,27.6,37.1,75.46,4.89,,
Missouri,July,2000,76.7,18.4,29.3,83.52,7.96,,
Missouri,August,2000,79.1,22.9,14.7,80.7,3.46,,
Missouri,September,2000,68.5,29.9,18.4,70.32,3.54,,
Missouri,October,2000,59.8,17.2,33.3,74.61,2.67,,
Missouri,November,2000,40,24.2,46,70.59,0.99,,
Missouri,December,2000,21.8,28.9,49.8,71.57,2.67,,
Missouri,January,2001,30.2,20.8,46.6,76.5,6.41,56.43,5.53
Missouri,February,2001,35.2,31.1,57.8,72.48,1.43,,
Missouri,March,2001,40.8,31.1,35.4,67.39,6.33,,
Missouri,April,2001,62.4,34.4,35.1,63.6,10.41,,
Missouri,May,2001,66.5,27.5,31,70.77,6.82,,
Missouri,June,2001,72.7,21.9,27.2,74.75,7.58,,
Missouri,July,2001,79.5,25,25.7,77.51,4.6,,
Missouri,August,2001,77.1,20.7,21.7,74.58,5.46,,
Missouri,September,2001,66.2,20.7,21.2,73.31,7.63,,
Missouri,October,2001,56.2,28.8,26.6,67.8,3.56,,
Missouri,November,2001,51.1,26,28.8,70.25,2.38,,
Missouri,December,2001,39.2,27.5,37.3,73.5,3.73,,
Missouri,January,2002,36,27.5,29.2,70.76,0.97,55.69,3.58
Missouri,February,2002,38.2,27.4,29.6,65.44,2.76,,
Missouri,March,2002,41.1,34.4,38,67.56,4.76,,
Missouri,April,2002,56,28.8,34.6,70.22,11.05,,
Missouri,May,2002,62.2,24,37.1,73.07,2.09,,
Missouri,June,2002,75.8,28.7,15.8,70.58,3.38,,
Missouri,July,2002,79.4,25.1,16.1,71.42,6.85,,
Missouri,August,2002,77.5,23,18.9,72.15,3.08,,
Missouri,September,2002,70.1,18.4,18.5,74.08,4.23,,
Missouri,October,2002,52.7,21.9,45.4,81.78,1.14,,
Missouri,November,2002,42.5,27.5,32.9,72.83,1.89,,
Missouri,December,2002,36.8,28.8,31,67.76,0.77,,
Missouri,January,2003,27.8,21.9,36.6,64.41,1.85,55.11,4.44
Missouri,February,2003,31.7,29.9,56.2,69.94,3.52,,
Missouri,March,2003,45.6,26.4,38.7,66.24,5.21,,
Missouri,April,2003,57.8,27.5,42,69,4.94,,
Missouri,May,2003,64,29.8,38.2,75.38,7.08,,
Missouri,June,2003,70.4,23,26.9,72.07,2.39,,
Missouri,July,2003,78.8,24.1,16.7,70.36,3.3,,
Missouri,August,2003,78.7,27.5,24.2,70.2,12.5,,
Missouri,September,2003,64.4,18.3,31,75.09,2.77,,
Missouri,October,2003,57.1,20.8,26.6,73.08,3.4,,
Missouri,November,2003,47.6,26.4,48.2,69.52,3.55,,
Missouri,December,2003,37.4,27.4,41.8,70.96,2.79,,
Missouri,January,2004,29.3,23,40.6,69.71,1.06,55.66,5.18
Missouri,February,2004,34.2,26.3,40.1,67,7.06,,
Missouri,March,2004,48.5,31,50.8,64.04,4.7,,
Missouri,April,2004,57.4,28.8,26.4,61.69,6.95,,
Missouri,May,2004,68.2,27.3,32.6,75.37,3.09,,
Missouri,June,2004,71.8,21.8,26.8,72.02,8.85,,
Missouri,July,2004,74.9,24,29.8,76.31,9.75,,
Missouri,August,2004,71,24.1,28,78.18,1.73,,
Missouri,September,2004,68.4,15,11.4,73.06,5.69,,
Missouri,October,2004,59.3,21.9,49,75.88,6.19,,
Missouri,November,2004,48.2,25.2,58.6,81.87,0.88,,
Missouri,December,2004,36.7,24.1,27.8,68.09,6.22,,
Missouri,January,2005,33.5,34.4,64.1,77.27,1.89,57.23,2.76
Missouri,February,2005,40.5,25.3,47.6,72.96,1.56,,
Missouri,March,2005,44.7,31.1,36.2,59.67,3.23,,
Missouri,April,2005,58,23,38.1,64.21,1.42,,
Missouri,May,2005,65.7,20.8,21.7,63.11,3.13,,
Missouri,June,2005,76.5,25.3,11.9,68.04,0.11,,
Missouri,July,2005,80,19.5,14.1,62.54,8.6,,
Missouri,August,2005,78,16.1,29,73.93,6.45,,
Missouri,September,2005,71.4,25.2,24.9,75.98,1.92,,
Missouri,October,2005,57.1,18.4,31.5,73.37,2.38,,
Missouri,November,2005,48.5,34.4,28,60.62,0.83,,
Missouri,December,2005,32.8,27.6,50.6,69.79,1.56,,
Missouri,January,2006,42.1,32.1,37.9,64.61,0.14,57.96,2.23
Missouri,February,2006,34.8,26.4,28.3,55.77,2.65,,
Missouri,March,2006,47.3,31,44.1,62.97,2.99,,
Missouri,April,2006,62.3,34.5,26.2,60.53,2.37,,
Missouri,May,2006,66.3,23,31.7,67.67,1.71,,
Missouri,June,2006,75.4,25.2,18.8,67.04,2.49,,
Missouri,July,2006,81,18.3,20.4,64.97,3.54,,
Missouri,August,2006,79.3,20.8,24,67.76,1.19,,
Missouri,September,2006,65.5,25.2,28.5,72.04,2.46,,
Missouri,October,2006,54.5,19.7,36.9,66.84,3.49,,
Missouri,November,2006,47.4,21.9,41.5,69.66,1.36,,
Missouri,December,2006,39.6,25.2,34.8,68.01,2.32,,
Missouri,January,2007,32.6,23,52.2,73.18,1.73,57.26,2.55
Missouri,February,2007,30.3,26.4,41.4,62.14,3.73,,
Missouri,March,2007,54,31.1,39.3,66.19,4.05,,
Missouri,April,2007,53.8,24.1,32.8,58.04,3.06,,
Missouri,May,2007,70,25.2,29.9,70.59,5.3,,
Missouri,June,2007,74.8,26.4,27.1,71.83,0.67,,
Missouri,July,2007,77.3,15,14.7,69.66,1.14,,
Missouri,August,2007,82.1,19.6,14.4,65.4,1.44,,
Missouri,September,2007,71.3,24.1,20.8,69.25,2.28,,
Missouri,October,2007,61.2,23.1,22.3,67.48,1.5,,
Missouri,November,2007,45.3,21.9,25.5,62.97,4.13,,
Missouri,December,2007,34.4,25.3,54.1,79.05,1.51,,
Missouri,January,2008,32.5,34.4,32.3,60.28,3.57,54.78,4.51
Missouri,February,2008,32.3,27.7,55.7,69.16,5.89,,
Missouri,March,2008,44.3,26.4,43.7,64.84,4.34,,
Missouri,April,2008,54.2,32.2,46.9,63.21,6.34,,
Missouri,May,2008,63.6,31.1,37.3,70.25,5.85,,
Missouri,June,2008,75.3,23,23.4,71.71,11.38,,
Missouri,July,2008,77.9,25.1,27.6,74.13,1.9,,
Missouri,August,2008,74.8,25.2,21,75.65,8.84,,
Missouri,September,2008,67.7,21.9,36.1,79.76,1.53,,
Missouri,October,2008,57,25.3,29.5,69.95,0.95,,
Missouri,November,2008,45,24.1,43.6,63.78,3.23,,
Missouri,December,2008,32.8,35.7,45.2,67.31,0.28,,
Missouri,January,2009,28.6,27.7,40.1,62.99,1.71,55.38,4.59
Missouri,February,2009,38.8,26.3,33.3,60.44,3.4,,
Missouri,March,2009,48.9,28.9,33.1,58.59,4.61,,
Missouri,April,2009,55,28.8,42.1,64.44,4.77,,
Missouri,May,2009,65.9,25.2,37.8,67.47,4.47,,
Missouri,June,2009,76.2,21.8,22.6,70.41,5.58,,
Missouri,July,2009,73.9,18.2,27.4,73.89,2.39,,
Missouri,August,2009,73.3,17.2,28.2,74.51,6.14,,
Missouri,September,2009,67.4,19.7,36.3,73.86,11.84,,
Missouri,October,2009,52.5,24.1,57.8,75.35,3.99,,
Missouri,November,2009,51.7,19.6,41.2,66.33,3.3,,
Missouri,December,2009,32.4,30,57.3,70.83,2.86,,
Missouri,January,2010,26.3,23,56.9,73.58,2.76,56.44,3.47
Missouri,February,2010,29.7,18.6,53.3,70.01,2.66,,
Missouri,March,2010,47.3,19.7,47.5,66.33,4.39,,
Missouri,April,2010,62.3,25.2,31.5,59.79,4.46,,
Missouri,May,2010,66.3,23,37.5,71.27,6.03,,
Missouri,June,2010,78.7,28.7,25.7,71.58,5.44,,
Missouri,July,2010,80.3,23,31.6,74.54,4.41,,
Missouri,August,2010,79.7,18.3,21.9,71.74,6.81,,
Missouri,September,2010,68.9,23,34.2,75.8,0.33,,
Missouri,October,2010,58.9,26.4,14.1,62.52,2.17,,
Missouri,November,2010,47.6,23,35.9,62.12,1.44,,
Missouri,December,2010,31.3,26.4,51.5,70.45,0.71,,
Missouri,January,2011,26.8,24.1,47.6,69.91,2.89,57.29,3.11
Missouri,February,2011,34.3,31,53.1,67.65,4.72,,
Missouri,March,2011,46.6,26.4,54.8,65.46,4.55,,
Missouri,April,2011,60.2,29.9,44.5,60.3,5.3,,
Missouri,May,2011,65,24.2,41.2,70.26,3.69,,
Missouri,June,2011,78.5,25.2,23.8,66.51,1,,
Missouri,July,2011,84.4,34.4,15.4,68.18,2.91,,
Missouri,August,2011,78.6,20.8,16.9,71.44,3.39,,
Missouri,September,2011,65.4,19.7,31.2,67.34,1.13,,
Missouri,October,2011,58.3,24.2,21.2,59.18,3.98,,
Missouri,November,2011,49.6,23,47.9,63.62,3.41,,
Missouri,December,2011,39.8,25.3,48.3,68.68,0.39,,
Missouri,January,2012,37.4,29.9,30.9,59.92,2.32,60.1,2.87
Missouri,February,2012,41.1,28.9,45.8,61.77,5.98,,
Missouri,March,2012,60.2,28.9,34.5,62.35,7.79,,
Missouri,April,2012,60,24.1,34,63.2,1.27,,
Missouri,May,2012,72.3,23,18.3,58.09,1.99,,
Missouri,June,2012,78.2,19.7,11.9,51.41,1.72,,
Missouri,July,2012,85.2,19.7,12,53.04,2.51,,
Missouri,August,2012,77.7,34.2,21.1,55.48,1.31,,
Missouri,September,2012,67.6,20.8,29.8,66.84,4.09,,
Missouri,October,2012,55.4,21.9,35,62.96,0.91,,
Missouri,November,2012,46.1,23,19.2,60.52,1.68,,
Missouri,December,2012,40,33.3,46.2,68.6,2.82,,
Missouri,January,2013,34.9,24.1,35.3,62.25,4.1,54.63,3.51
Missouri,February,2013,35.9,28.9,43.7,61.68,2.33,,
Missouri,March,2013,40,26.3,58.8,63.68,9.77,,
Missouri,April,2013,53.5,30.9,47.3,61.96,7.87,,
Missouri,May,2013,64.8,29.9,46.9,68.4,2.73,,
Missouri,June,2013,74.4,21.9,27.1,66.64,4.02,,
Missouri,July,2013,76.3,22.9,22.2,66.27,1.98,,
Missouri,August,2013,75.4,16.1,21.6,71.37,2.52,,
Missouri,September,2013,70.3,19.7,21.5,69.29,3.23,,
Missouri,October,2013,56.3,21.9,34,68.8,1.33,,
Missouri,November,2013,42.7,34.5,34,62.32,2,,
Missouri,December,2013,31,19.7,42.2,70.11,0.25,,
Missouri,January,2014,27.3,33.3,37.5,55.68,1.05,53.97,3.01
Missouri,February,2014,26.6,36.9,39.1,61.72,0.67,,
Missouri,March,2014,41.5,26.4,30.9,53.29,8.35,,
Missouri,April,2014,56.1,32.1,38.1,58.72,3.86,,
Missouri,May,2014,67.3,24.1,27.9,64.54,3.55,,
Missouri,June,2014,75,21.9,39.5,74.27,2.28,,
Missouri,July,2014,74.2,24.1,19.8,68.17,1.79,,
Missouri,August,2014,77.1,13.9,26.5,73.87,1.87,,
Missouri,September,2014,67.4,19.7,37.8,74.46,8.31,,
Missouri,October,2014,57.7,24.1,38.1,71.9,1.37,,
Missouri,November,2014,39.7,23,38.7,63.29,2.29,,
Missouri,December,2014,37.7,24.1,72.3,75.21,0.78,,
Missouri,January,2015,32,24.2,33.8,64.46,0.54,56.67,3.72
Missouri,February,2015,27,26.4,42.2,62.38,1.82,,
Missouri,March,2015,45.9,21.8,36.7,63.88,3.54,,
Missouri,April,2015,58.9,27.7,41.2,59.39,7.28,,
Missouri,May,2015,66.4,28.7,46.1,69.71,5.36,,
Missouri,June,2015,75.4,18.3,41.2,75.76,5.43,,
Missouri,July,2015,78.1,34.2,30,75.68,3.45,,
Missouri,August,2015,74.2,20.7,18.9,73.44,0.57,,
Missouri,September,2015,71.9,17.2,22.2,68.86,0.91,,
Missouri,October,2015,58.8,21.9,32.7,63.69,8.08,,
Missouri,November,2015,48.5,25.3,41.9,69.66,7.21,,
Missouri,December,2015,42.9,31.1,47.9,74.51,0.47,,
Missouri,January,2016,31.8,26.3,38.1,69.74,0.52,58.01,3.10
Missouri,February,2016,39.4,30,44.7,61.52,2.62,,
Missouri,March,2016,51.4,31,44.7,65.2,3.14,,
Missouri,April,2016,58.7,28.7,33.2,61.65,4.47,,
Missouri,May,2016,63.9,21.9,35.6,69.32,1.57,,
Missouri,June,2016,78.3,25.2,16.1,66.78,7.55,,
Missouri,July,2016,78.5,23,28.2,78.1,7.13,,
Missouri,August,2016,76.7,17.2,33.4,80.48,6.95,,
Missouri,September,2016,71.9,18.3,22.2,75.75,0.58,,
Missouri,October,2016,62.8,24.2,34.7,73.13,1.12,,
Missouri,November,2016,50.1,25.3,28.1,69.86,0.67,,
Missouri,December,2016,32.6,25.3,40.9,67.33,0.89,,
Missouri,January,2017,36.3,28.8,58.3,73.59,0.51,58.83,3.88
Missouri,February,2017,46,26.4,28.4,61.81,5.24,,
Missouri,March,2017,50.8,32.2,51.2,57.68,8.41,,
Missouri,April,2017,62.1,27.7,41.9,60.46,8.03,,
Missouri,May,2017,67.5,27.7,30.2,63.49,3.53,,
Missouri,June,2017,76.7,31,17.3,61.71,4.01,,
Missouri,July,2017,80.4,23,16.9,72.92,5.79,,
Missouri,August,2017,72.8,17.1,29.3,81.52,2.23,,
Missouri,September,2017,70.5,16.1,11.2,69.24,5.77,,
Missouri,October,2017,59.5,21.9,40.2,66.18,0.42,,
Missouri,November,2017,48.2,21.9,40.2,61.89,0.6,,
Missouri,December,2017,35.1,26.4,40.2,60.42,2.01,,
Missouri,January,2018,30.4,25.2,41.1,63.25,2.81,56.43,3.22
Missouri,February,2018,37.2,29.8,52.2,68.85,3.41,,
Missouri,March,2018,43.9,31,58.2,66.08,0.97,,
Missouri,April,2018,50,30,42,55.91,2.79,,
Missouri,May,2018,73.9,21.9,27.5,67.09,2.77,,
Missouri,June,2018,79,26.3,23.8,68.47,3.15,,
Missouri,July,2018,78.8,17.1,22.5,69.12,4.17,,
Missouri,August,2018,77.7,18.3,28,72.06,1.52,,
Missouri,September,2018,72.7,16.1,31,73.11,8.25,,
Missouri,October,2018,57.8,21.9,43.2,72.38,2.83,,
Missouri,November,2018,38.3,24.1,45.9,74.97,4.9,,
Missouri,December,2018,37.5,23.1,48.9,71.2,1.11,,
Missouri,January,2019,31.1,27.7,54.4,71.78,1.57,56.29,3.92
Missouri,February,2019,34.3,31.1,57.4,69.79,4.09,,
Missouri,March,2019,42.5,32.2,46.8,61.43,3.91,,
Missouri,April,2019,58.9,27.7,38.4,60,4.01,,
Missouri,May,2019,66.4,24.8,42.7,71.24,5.62,,
Missouri,June,2019,73.2,22.4,23,70.65,2.18,,
Missouri,July,2019,78.9,21.7,23.1,70.8,6.91,,
Missouri,August,2019,77.2,21.8,27.4,72.82,2.04,,
Missouri,September,2019,76.5,21.9,19.3,72.15,5.56,,
Missouri,October,2019,55.1,27.7,39,70.74,1.78,,
Missouri,November,2019,42,32.2,35.4,66.7,1.18,,
Missouri,December,2019,39.4,25.3,36.3,69.61,8.23,,
Missouri,January,2020,35.8,26.4,60.7,73.18,2.15,59.95,3.20
Missouri,February,2020,36.5,20.8,46,66.6,4.51,,
Missouri,March,2020,50.3,32.2,44.9,65.49,4.24,,
Missouri,April,2020,55,26.4,42.1,60.2,2.47,,
Missouri,May,2020,64.3,32.2,47.3,68.52,4.01,,
Missouri,June,2020,77.2,21.9,20.4,63.98,7.21,,
Missouri,July,2020,80.7,18.3,25,69.57,1.43,,
Missouri,August,2020,74.5,23,23.2,70.34,0,,
Texas,January,1990,57.1,26,61,61.19,1.57,69.62,3.05
Texas,February,1990,58.5,27.1,59.2,68.15,4.32,,
Texas,March,1990,61,29.2,74.4,74.68,2.67,,
Texas,April,1990,68.5,20.5,72.8,74.55,3.76,,
Texas,May,1990,76.9,26.4,70.4,72.09,4.63,,
Texas,June,1990,85,25.7,38,65.26,1.83,,
Texas,July,1990,82.2,20.5,55,66.97,4.45,,
Texas,August,1990,84.8,18.9,40.5,61.74,0.82,,
Texas,September,1990,79.6,19.7,63,68.8,2.31,,
Texas,October,1990,68.8,23,35.2,64.42,4.34,,
Texas,November,1990,62.6,24,53.5,71.2,5.03,,
Texas,December,1990,50.4,23.6,60.1,65.51,0.88,,
Texas,January,1991,46.8,24.7,68.8,78.6,11.93,68.13,5.63
Texas,February,1991,56.2,20,65.6,64.33,3.73,,
Texas,March,1991,63.3,25.1,58.5,56.23,1.24,,
Texas,April,1991,70.9,21.5,72.1,75.12,6.77,,
Texas,May,1991,76,29.1,69.3,77.71,4.8,,
Texas,June,1991,80.5,31.2,60.3,74.62,5.87,,
Texas,July,1991,82.7,18,46.8,70.44,1.72,,
Texas,August,1991,83.8,18,49.4,67.5,5.77,,
Texas,September,1991,75.6,26.6,65.7,74.89,2.84,,
Texas,October,1991,71.6,22.1,47.4,64.83,3.54,,
Texas,November,1991,56.3,26.1,53.3,64.48,1.43,,
Texas,December,1991,53.9,23,76.6,77.11,17.88,,
Texas,January,1992,50,33.7,70.5,72.63,6.21,67.95,5.04
Texas,February,1992,57.9,23,59.6,68.19,8.39,,
Texas,March,1992,62.6,21.3,56.4,68.41,6.36,,
Texas,April,1992,67.5,20,60.6,71.66,2.55,,
Texas,May,1992,72,28.8,72.9,76.92,10.92,,
Texas,June,1992,81,28.6,48.3,72.87,6.17,,
Texas,July,1992,82.7,18.5,51.1,71.21,1.18,,
Texas,August,1992,81,17.7,39.6,66.21,4.15,,
Texas,September,1992,78.9,31.8,48.2,67.96,2.95,,
Texas,October,1992,71.4,19.4,36.6,63.64,1.72,,
Texas,November,1992,56.3,29.7,54.4,65.4,5.68,,
Texas,December,1992,54.1,24.1,76.2,75.44,4.24,,
Texas,January,1993,49.5,28.8,71.2,76.52,4.37,67.82,2.92
Texas,February,1993,54.3,20.8,68.1,69.96,4.38,,
Texas,March,1993,60.5,29.1,53.8,65.24,2.89,,
Texas,April,1993,65.9,23.9,53.1,66.19,4,,
Texas,May,1993,73.1,19.6,52.4,70.82,5.99,,
Texas,June,1993,79.9,27.5,72.1,77.41,5.87,,
Texas,July,1993,84.4,19.7,49,66.69,0,,
Texas,August,1993,86.4,15.8,32.4,58.82,0,,
Texas,September,1993,80.9,23.6,37.9,58.11,1.11,,
Texas,October,1993,69.3,30.1,50,62.88,3.25,,
Texas,November,1993,55.1,21.4,61.7,66.73,1.47,,
Texas,December,1993,54.5,27.2,65.9,64.3,1.65,,
Texas,January,1994,51.6,27.7,65.1,70.64,1.55,68.85,4.31
Texas,February,1994,54.1,24.2,71.3,67.62,2.22,,
Texas,March,1994,62.2,23.9,64.5,68.21,2.78,,
Texas,April,1994,68.8,20.8,68.3,67.69,2.15,,
Texas,May,1994,74,35.4,75.5,74.62,6.41,,
Texas,June,1994,82.7,20.7,50.8,70.17,1.51,,
Texas,July,1994,86,19.6,46.6,57.65,0.26,,
Texas,August,1994,82.3,26.2,49.9,69.44,8.85,,
Texas,September,1994,76.2,20.8,46.9,66.49,7.65,,
Texas,October,1994,70.4,21.8,55.8,73.41,8.65,,
Texas,November,1994,63.4,20.4,70.1,71.7,2.08,,
Texas,December,1994,54.5,25.2,65.4,75.9,7.57,,
Texas,January,1995,53.1,25.1,52.6,64.7,1.07,68.31,3.34
Texas,February,1995,56,24.5,60.4,64.77,1.87,,
Texas,March,1995,59.7,27.5,72.7,71.25,2.54,,
Texas,April,1995,67.3,23.2,53.2,70.56,3.96,,
Texas,May,1995,75.4,20.8,71,74.77,10.37,,
Texas,June,1995,79.2,20.6,45.2,69.21,3.55,,
Texas,July,1995,84.2,20.6,20.9,66.51,0.75,,
Texas,August,1995,83.1,17.2,21.4,72.27,6.81,,
Texas,September,1995,78.2,23.8,27.7,72.95,3.82,,
Texas,October,1995,70.3,26.3,25.5,59.17,2.1,,
Texas,November,1995,58.9,24.1,34.8,69.39,2.63,,
Texas,December,1995,54.3,24.2,47.3,69.74,0.6,,
Texas,January,1996,50.4,24.4,28.6,55.72,0.07,68.37,1.92
Texas,February,1996,57,26.3,38.9,57.33,0.69,,
Texas,March,1996,56.5,29.9,37.9,58.39,0.97,,
Texas,April,1996,68.4,25.3,8.9,58.55,1.33,,
Texas,May,1996,79.2,23.7,3.9,72.72,1.83,,
Texas,June,1996,81.6,26.4,8.9,70.09,3.95,,
Texas,July,1996,85.4,17.2,22.2,62.33,0,,
Texas,August,1996,81.7,26.4,41.9,71.7,6.45,,
Texas,September,1996,77,16.1,55.3,73.81,2.49,,
Texas,October,1996,69.6,19.7,50.9,74.12,0.47,,
Texas,November,1996,59.5,24.2,56.8,76.9,3.07,,
Texas,December,1996,54.1,24.2,47.1,68.44,1.73,,
Texas,January,1997,48.5,26.4,51.7,65.71,0.98,66.53,2.71
Texas,February,1997,52.7,21.9,60.6,73.12,3.32,,
Texas,March,1997,62.7,24.2,50.7,71.65,1.11,,
Texas,April,1997,62.9,25.3,51.1,70.61,4.54,,
Texas,May,1997,71.7,21.9,54.1,77.42,5.39,,
Texas,June,1997,78.5,17.2,40.7,77.19,5.72,,
Texas,July,1997,83.2,27.7,21,68.09,0.59,,
Texas,August,1997,82.5,18.3,24.9,69.43,0.72,,
Texas,September,1997,79.9,30,22.2,67.08,0.41,,
Texas,October,1997,69.3,20.8,52.4,72.23,3.88,,
Texas,November,1997,56.5,24.2,64.5,74.67,2.51,,
Texas,December,1997,50,26.4,46.3,67,3.33,,
Texas,January,1998,55.8,25.3,67.2,76.67,2.07,69.85,3.28
Texas,February,1998,55.1,23,57.7,69.79,2.55,,
Texas,March,1998,59.2,27.7,58.2,62.72,2.35,,
Texas,April,1998,67.1,23,41.1,61.89,0.81,,
Texas,May,1998,78.6,18.3,56.7,68.07,0.69,,
Texas,June,1998,85.3,21.9,55.5,65.49,1.28,,
Texas,July,1998,87,16.9,42.9,63.06,1.02,,
Texas,August,1998,84.1,22.1,54.7,72.09,2.75,,
Texas,September,1998,81.3,25.3,56.6,76.34,6.38,,
Texas,October,1998,70.8,29.6,60.9,82.37,13.92,,
Texas,November,1998,62,20.6,65.2,83.3,4.11,,
Texas,December,1998,51.9,24.7,61.2,76.43,1.4,,
Texas,January,1999,55.1,27.5,50.1,70.8,1.78,69.08,2.54
Texas,February,1999,60.9,23.3,57.4,64.26,0.04,,
Texas,March,1999,61.5,24.7,67.9,73.02,6.08,,
Texas,April,1999,71.3,28.7,64.8,69.78,0.9,,
Texas,May,1999,75.5,21,48.9,73.62,9.75,,
Texas,June,1999,79.8,20.8,32.9,76.97,2.99,,
Texas,July,1999,80.8,20.8,4.1,78.14,4.56,,
Texas,August,1999,85.5,20.8,0.8,64.05,0.02,,
Texas,September,1999,78.4,27.7,1.9,61.83,0.15,,
Texas,October,1999,67.1,21.5,4.6,68.23,1.97,,
Texas,November,1999,60.4,29.8,5.2,69.06,0.24,,
Texas,December,1999,52.6,25.3,7.3,61.23,2.04,,
Texas,January,2000,54.4,19.3,14,64.41,3.83,69.33,3.54
Texas,February,2000,61.5,21.3,15.1,67.63,2,,
Texas,March,2000,65.9,22.8,17.1,70.67,1.39,,
Texas,April,2000,69.6,24.5,14.1,69.51,1.82,,
Texas,May,2000,77.7,21.3,17.6,76.24,5.54,,
Texas,June,2000,80.3,16.4,16.5,74.08,6.28,,
Texas,July,2000,85.9,17,10.7,59.29,0.99,,
Texas,August,2000,86,13.8,8.2,59.7,0.73,,
Texas,September,2000,80.4,17.5,9.6,56.76,1.92,,
Texas,October,2000,70,19.1,18.5,78.46,6.43,,
Texas,November,2000,55.1,20.8,15.5,80.63,8.3,,
Texas,December,2000,45.2,21.1,15.6,72.9,3.24,,
Texas,January,2001,47.6,17.8,16.4,74.5,2.91,67.14,4.59
Texas,February,2001,56,18.3,18.1,74.88,1.44,,
Texas,March,2001,54.5,20,17.2,75.86,5.2,,
Texas,April,2001,70.1,21.3,18.6,75.52,0.5,,
Texas,May,2001,75.5,18.7,14.9,72.46,3.69,,
Texas,June,2001,81.3,18.7,14.6,68.79,1.5,,
Texas,July,2001,84.9,20.5,29.2,64.11,0.34,,
Texas,August,2001,82.9,20.8,47.8,67.51,12.75,,
Texas,September,2001,74.7,38,45,76.86,7.06,,
Texas,October,2001,65.4,24.8,41.9,74.36,2.68,,
Texas,November,2001,60.6,26.4,55.6,77.35,11.55,,
Texas,December,2001,52.2,24.4,48.9,75.25,5.46,,
Texas,January,2002,52.7,23.3,45,69.2,1.39,67.73,3.38
Texas,February,2002,50.7,30,27.5,55.26,1.21,,
Texas,March,2002,58.8,23.9,57.2,65.55,1.48,,
Texas,April,2002,72.2,20.8,63.6,72.16,0.95,,
Texas,May,2002,76.5,23,47.7,64.79,1.26,,
Texas,June,2002,81.1,17.8,39.4,67.36,5.89,,
Texas,July,2002,81.3,16,43.2,76.31,5.84,,
Texas,August,2002,84,17.4,32.8,68.07,2.49,,
Texas,September,2002,78.6,26.1,30.5,65.94,3.57,,
Texas,October,2002,68.6,20.1,65.1,78.87,7.72,,
Texas,November,2002,56,23.1,32.9,64.9,3.51,,
Texas,December,2002,52.3,22.2,48.3,72.88,5.28,,
Texas,January,2003,48.5,21.5,44,67.17,1.69,68.4,1.94
Texas,February,2003,50.7,23.9,68.1,77.85,4.37,,
Texas,March,2003,59.4,19.7,47.6,70.99,0.69,,
Texas,April,2003,69.9,20.9,49.6,63.93,0.14,,
Texas,May,2003,79,20.5,51.9,66.57,1.12,,
Texas,June,2003,81.4,27.5,39.1,67.26,4.69,,
Texas,July,2003,82.8,18.7,31.5,68.81,1.68,,
Texas,August,2003,84.5,16.9,27.7,62.35,2.83,,
Texas,September,2003,77,16.1,41.5,67.38,2.86,,
Texas,October,2003,70.9,17.2,40.1,67.06,1.1,,
Texas,November,2003,62.6,21.9,59,67.45,1.52,,
Texas,December,2003,54.1,28.7,33.1,57.22,0.56,,
Texas,January,2004,53.5,20.4,60.4,68.24,4.33,68.19,4.66
Texas,February,2004,51.1,20.7,55.9,71.02,4.12,,
Texas,March,2004,65.5,18.3,63.9,67.87,2.56,,
Texas,April,2004,67.4,20.4,61.3,73.47,3.81,,
Texas,May,2004,74.9,19.2,63.4,73.15,3.16,,
Texas,June,2004,78.6,22.2,56.5,79,13.46,,
Texas,July,2004,81.7,15.7,36,70.52,0.89,,
Texas,August,2004,81.9,15,31.8,65.24,1.79,,
Texas,September,2004,78.6,15,41.6,64.26,1.56,,
Texas,October,2004,74.2,18.3,55.4,76.3,5.52,,
Texas,November,2004,59.4,19.7,55.3,78.16,14.41,,
Texas,December,2004,51.5,28.7,34.1,63.72,0.31,,
Texas,January,2005,53.9,21.1,56.2,71.45,2.52,69.12,2.10
Texas,February,2005,55.3,16.2,66.2,74.5,2.8,,
Texas,March,2005,60.1,21.1,44.2,65.4,4.02,,
Texas,April,2005,67.4,20.6,40.2,61.19,1.07,,
Texas,May,2005,74,16.7,47,69.19,4.14,,
Texas,June,2005,82.8,14.5,33.3,64.35,0.84,,
Texas,July,2005,83.5,13.9,31.2,66.95,3.44,,
Texas,August,2005,84.2,17.7,30.7,64.17,2.29,,
Texas,September,2005,83.4,17,28.9,60.84,1.24,,
Texas,October,2005,69.6,19.3,33,61.59,2.26,,
Texas,November,2005,63.6,17.5,35.8,55.95,0.5,,
Texas,December,2005,51.6,21.8,38.7,54.53,0.12,,
Texas,January,2006,57.9,25.2,27.3,49.16,1.51,70.55,2.96
Texas,February,2006,53.6,19.2,44.7,60.82,0.98,,
Texas,March,2006,65.2,18.8,57.2,60.97,7.02,,
Texas,April,2006,73.9,18.9,44.6,62.25,2.96,,
Texas,May,2006,76.8,18.1,40.2,63.42,5.51,,
Texas,June,2006,82,17.3,27.7,59.06,3.05,,
Texas,July,2006,84.2,17.1,42.2,63.03,0.63,,
Texas,August,2006,86.8,18,25.7,57.02,0.29,,
Texas,September,2006,79,19.4,33.2,57.81,2.75,,
Texas,October,2006,71.2,19.5,34.7,63.21,5.14,,
Texas,November,2006,62.2,27.8,37,60.09,1.3,,
Texas,December,2006,53.8,21.8,46.4,62.85,4.41,,
Texas,January,2007,46.5,22,62.8,70.95,7.67,67.74,4.22
Texas,February,2007,53.7,23.9,41.4,61.06,0.28,,
Texas,March,2007,64.6,19,58.7,67.09,6.86,,
Texas,April,2007,64.9,18.1,54.6,68.66,3.18,,
Texas,May,2007,74.6,14.9,59.4,71.71,7.58,,
Texas,June,2007,79.6,16.2,52.6,73.96,6.65,,
Texas,July,2007,79,16.5,56.1,78.65,9.45,,
Texas,August,2007,83.2,14.1,39.8,70.25,2.62,,
Texas,September,2007,79.3,13.8,37.6,71.48,3.18,,
Texas,October,2007,71.8,17.9,26.6,60.6,1.28,,
Texas,November,2007,61.4,18.1,46,65.02,1.21,,
Texas,December,2007,54.3,18.4,41.8,62.72,0.63,,
Texas,January,2008,49.9,21.5,51,61.56,0.84,69.58,1.37
Texas,February,2008,58.6,23,34.7,57.39,0.67,,
Texas,March,2008,62.2,21.6,50.9,61.58,3.04,,
Texas,April,2008,69,18.3,48.8,59.85,3.45,,
Texas,May,2008,78.4,17.8,47.1,59.25,1.65,,
Texas,June,2008,85.6,19.2,37,55.42,0.75,,
Texas,July,2008,84.2,18.3,28.5,60.82,0.79,,
Texas,August,2008,84.2,14.4,36.1,63.86,2.36,,
Texas,September,2008,79.2,14.8,24.6,53.55,0.1,,
Texas,October,2008,69.7,17.9,28.5,58.07,1.82,,
Texas,November,2008,61.5,20.3,40.3,59.92,0.6,,
Texas,December,2008,52.5,24.1,50.6,57.85,0.38,,
Texas,January,2009,52,25.1,35.9,54.42,0.67,69.33,2.84
Texas,February,2009,60.4,22.4,40.7,54.19,1.3,,
Texas,March,2009,62.5,16.8,50.4,63.19,3.08,,
Texas,April,2009,68.4,21.7,43.4,59.21,3.44,,
Texas,May,2009,77.1,21.8,45.6,64.88,2.61,,
Texas,June,2009,85.4,14.5,33.9,56.07,1.48,,
Texas,July,2009,88,15.3,24.6,55.12,0.41,,
Texas,August,2009,87.3,13.6,23.1,53.47,1.21,,
Texas,September,2009,76.7,17.3,49.7,72.26,7.08,,
Texas,October,2009,67.6,16.5,60,74.54,7.32,,
Texas,November,2009,60,15.4,32.7,72.56,2.82,,
Texas,December,2009,46.6,20.4,52.7,72.02,2.6,,
Texas,January,2010,47.7,18.6,47.3,69.37,3.25,67.83,3.09
Texas,February,2010,46.4,20.9,55.7,72.18,3.08,,
Texas,March,2010,58.4,19.5,36.9,62.89,3.31,,
Texas,April,2010,68,17.4,59.2,69.63,2.05,,
Texas,May,2010,77.4,17.1,50.6,66.06,1.69,,
Texas,June,2010,82.8,18,47.8,72.08,5.79,,
Texas,July,2010,83,14,48.5,73.91,4.08,,
Texas,August,2010,87.2,13.8,21.7,58.75,0.19,,
Texas,September,2010,79.1,21.7,45.8,73.29,11.18,,
Texas,October,2010,69.9,16.6,16.6,57.9,0.08,,
Texas,November,2010,60.8,18.1,46.8,62.06,0.74,,
Texas,December,2010,53.3,15.8,35.7,61.21,1.65,,
Texas,January,2011,48.7,18.8,51.6,62.1,3.11,70.86,1.72
Texas,February,2011,53.2,24.1,51.8,62.09,0.54,,
Texas,March,2011,65.3,18.8,49.3,60.04,0.08,,
Texas,April,2011,75,20.7,44.5,57.37,0.26,,
Texas,May,2011,76.9,21,47.7,60.15,2.86,,
Texas,June,2011,85.9,17.3,29.8,57.15,2.05,,
Texas,July,2011,88.2,15.8,22.2,54.48,0.05,,
Texas,August,2011,90.6,15.2,15.2,48.68,0.01,,
Texas,September,2011,83,19.6,16.2,42.3,0.15,,
Texas,October,2011,70.6,21,24.1,57.22,3.09,,
Texas,November,2011,61.7,19.3,39.8,61.94,3.34,,
Texas,December,2011,51.2,17.1,63.7,73.24,5.11,,
Texas,January,2012,54.4,18.1,37.3,63.57,5.25,70.4,2.87
Texas,February,2012,56.5,19.5,55.4,69.96,3.28,,
Texas,March,2012,65.6,19.7,51.8,73.28,5.43,,
Texas,April,2012,72.6,18.9,41,64.79,0.2,,
Texas,May,2012,76.8,17.6,47.5,68.99,5.51,,
Texas,June,2012,83.9,20.1,35.3,60.66,0.13,,
Texas,July,2012,83.3,15,39.4,67.76,5.94,,
Texas,August,2012,85.5,15.6,23.9,58.99,1.76,,
Texas,September,2012,78.6,15.5,37.1,64.42,5.63,,
Texas,October,2012,68.8,18,49.3,67.08,0.95,,
Texas,November,2012,62.5,16.4,30.9,59.23,0.01,,
Texas,December,2012,56.3,26.8,45.7,58.98,0.38,,
Texas,January,2013,52.6,18.6,48.4,68.68,2.85,68.64,3.35
Texas,February,2013,57.7,23.5,39.4,54.17,0.45,,
Texas,March,2013,61.6,25,38.6,54.03,1.2,,
Texas,April,2013,66,18.6,59.8,67.93,3.42,,
Texas,May,2013,74.3,22.4,52.5,65.87,5.72,,
Texas,June,2013,84,15.5,33.9,60.79,0.91,,
Texas,July,2013,84.3,13.7,35.8,59.62,2.57,,
Texas,August,2013,86.4,14.2,24.6,55.76,0.52,,
Texas,September,2013,81.1,16.6,37.6,64.42,5.81,,
Texas,October,2013,70.4,15.9,49.8,70.23,12.84,,
Texas,November,2013,56.7,19.3,51.8,68.83,3.1,,
Texas,December,2013,48.6,17,44.4,68.56,0.76,,
Texas,January,2014,49.7,22.2,28.8,53.18,0.52,67.76,2.87
Texas,February,2014,53.1,17.5,55.4,64.94,0.42,,
Texas,March,2014,57.8,20.6,49.5,64.57,1.26,,
Texas,April,2014,68.1,20.4,46.9,61.76,1.78,,
Texas,May,2014,73.5,18.1,44.8,63.88,7.88,,
Texas,June,2014,81.1,20,53.2,72.04,2.59,,
Texas,July,2014,83.2,16,31.3,66.07,4.81,,
Texas,August,2014,85.7,16,27.8,59.62,0.12,,
Texas,September,2014,79,17.2,48.3,72.11,5.96,,
Texas,October,2014,72.8,18.1,35.1,66.9,1.75,,
Texas,November,2014,55.2,19.4,45.8,66.29,6.02,,
Texas,December,2014,53.9,18.1,72.7,76.36,1.29,,
Texas,January,2015,47.4,20.1,49,69.81,5.13,68.5,5.00
Texas,February,2015,50.2,18.2,55.2,71,0.51,,
Texas,March,2015,59.3,19.1,62.2,76.32,4.77,,
Texas,April,2015,70,21.4,64.5,74.34,2.38,,
Texas,May,2015,73.9,19.5,73.1,81.96,16.21,,
Texas,June,2015,79.7,15.6,44.6,76.76,8.06,,
Texas,July,2015,84.2,16,37.3,67.32,0,,
Texas,August,2015,85.7,13.6,25,58.82,0.44,,
Texas,September,2015,81.2,13.7,36.6,63.28,2.27,,
Texas,October,2015,73.4,19.2,33.5,59.96,14.08,,
Texas,November,2015,61,20.7,64.7,73.39,3.23,,
Texas,December,2015,56,19.6,39.9,73.24,2.91,,
Texas,January,2016,50.4,28.1,33.4,65.39,0.52,70.16,3.57
Texas,February,2016,58.6,19.3,31.6,56.66,1.25,,
Texas,March,2016,65.1,19.2,51.2,68.22,3.51,,
Texas,April,2016,68.9,16.6,51.8,71.41,6.88,,
Texas,May,2016,73.5,15,63.1,76.36,9.65,,
Texas,June,2016,81.8,18.3,39.8,71.34,2.62,,
Texas,July,2016,86,18.2,37.4,66.48,2.68,,
Texas,August,2016,82.8,13.8,46.9,75.02,7.21,,
Texas,September,2016,80.7,15.6,35,72.43,2.44,,
Texas,October,2016,74.4,19.1,31.8,68.45,0.21,,
Texas,November,2016,65,17.8,50.8,74.05,3.23,,
Texas,December,2016,54.7,28.4,67.4,69.64,2.68,,
Texas,January,2017,55.7,21.4,44.5,62.93,4.54,70.88,3.08
Texas,February,2017,63.5,21.3,50.8,64.41,2.14,,
Texas,March,2017,67.1,20.1,55.8,67.89,2.67,,
Texas,April,2017,70.9,18.5,54.2,67.98,1.2,,
Texas,May,2017,75.4,16.9,48.2,66.43,2.92,,
Texas,June,2017,82.5,16.3,43.8,67.76,3.18,,
Texas,July,2017,87,14.5,26.7,59.73,0.44,,
Texas,August,2017,84,25.8,40.2,65.37,11.21,,
Texas,September,2017,78.7,12.7,37,66.99,2.52,,
Texas,October,2017,69.8,18.1,29.6,62.29,1.78,,
Texas,November,2017,64.7,19,51.6,69.47,0.26,,
Texas,December,2017,51.3,17.7,56,73.06,4.09,,
Texas,January,2018,48.3,19.6,44.6,59.12,0.29,69.07,3.41
Texas,February,2018,55.1,21.8,73.8,78.67,1.49,,
Texas,March,2018,65.9,21.4,47.2,61.69,4.21,,
Texas,April,2018,66.3,17.2,43.2,61.31,0.63,,
Texas,May,2018,79.4,21,41.7,66.06,4.32,,
Texas,June,2018,84.7,17.5,48.4,65.3,1.71,,
Texas,July,2018,86.3,13.4,26.7,59.32,3.95,,
Texas,August,2018,86.8,19.4,32.3,57.14,0.53,,
Texas,September,2018,78.5,20.4,66.5,77.24,7.19,,
Texas,October,2018,68.8,16.8,64.5,78.61,8.46,,
Texas,November,2018,56.1,22.2,50.8,66.76,2.1,,
Texas,December,2018,52.6,21.4,46.9,64.83,6.07,,
Texas,January,2019,51.1,20.6,44.4,66.25,3.36,69.58,2.95
Texas,February,2019,55.7,16.9,60.4,71.22,0.61,,
Texas,March,2019,60.1,20.8,53.8,59.54,0.43,,
Texas,April,2019,68.9,23.7,39.1,64.18,7.4,,
Texas,May,2019,76,18.7,56.5,72.69,8.21,,
Texas,June,2019,81.2,17.2,35.5,69.1,4.92,,
Texas,July,2019,85.2,17.2,29.8,60.6,0.39,,
Texas,August,2019,88.1,17.8,25.4,58.39,1.47,,
Texas,September,2019,85.9,19.7,30.2,57.76,0.68,,
Texas,October,2019,70.4,19,38.4,58.36,6.47,,
Texas,November,2019,57.8,17.7,39.6,66.65,0.64,,
Texas,December,2019,54.6,17.2,27.7,62.02,0.85,,
Texas,January,2020,56.5,26.7,43.1,66.08,2.44,72.79,3.02
Texas,February,2020,54.6,19.7,44.4,64.27,2.27,,
Texas,March,2020,67.8,19.7,59,71.77,4.15,,
Texas,April,2020,68.9,18.3,40.5,65.75,2.9,,
Texas,May,2020,76.9,17.7,35.8,64.2,9,,
Texas,June,2020,82.4,21.9,35.1,62.62,2.64,,
Texas,July,2020,86.9,18.3,29.7,60.83,0.72,,
Texas,August,2020,88.3,15,15.8,51.8,0,,
